priority,score,system,year,project_document,why_it_matters,captures,unique_versions,mime_type,original,archive_exact,archive_history
HIGH,12,Contracts / Bids,2025,bid requests,priority category; 21 unique versions; infrastructure/money keyword; financial/project keyword,22,21,text/html,https://www.copperascovetx.gov/finance_department/bid_requests/,https://web.archive.org/web/20250718195843/https://www.copperascovetx.gov/finance_department/bid_requests/,https://web.archive.org/web/*/https://www.copperascovetx.gov/finance_department/bid_requests/
HIGH,12,Contracts / Bids,2015,bid requests.htm,priority category; 6 unique versions; infrastructure/money keyword; financial/project keyword,6,6,text/html,http://www.copperascovetx.gov:80/pages/finance_department/bid_requests.htm,https://web.archive.org/web/20150404001600/http://www.copperascovetx.gov:80/pages/finance_department/bid_requests.htm,https://web.archive.org/web/*/http://www.copperascovetx.gov:80/pages/finance_department/bid_requests.htm
HIGH,11,Golf,2025,golf course,priority category; 24 unique versions; infrastructure/money keyword,25,24,text/html,https://www.copperascovetx.gov/golf_course/,https://web.archive.org/web/20250803030756/https://www.copperascovetx.gov/golf_course/,https://web.archive.org/web/*/https://www.copperascovetx.gov/golf_course/
HIGH,11,Water,2025,stormwater,priority category; 17 unique versions; infrastructure/money keyword,23,17,text/html,https://www.copperascovetx.gov/public_works/stormwater/,https://web.archive.org/web/20250803030008/https://www.copperascovetx.gov/public_works/stormwater/,https://web.archive.org/web/*/https://www.copperascovetx.gov/public_works/stormwater/
HIGH,11,Water,2025,water quality reports,priority category; 15 unique versions; infrastructure/money keyword,19,15,text/html,https://www.copperascovetx.gov/public_works/water_quality_reports/,https://web.archive.org/web/20250203055041/https://www.copperascovetx.gov/public_works/water_quality_reports/,https://web.archive.org/web/*/https://www.copperascovetx.gov/public_works/water_quality_reports/
HIGH,11,Wastewater,2025,wastewater,priority category; 13 unique versions; infrastructure/money keyword,19,13,text/html,https://www.copperascovetx.gov/public_works/wastewater/,https://web.archive.org/web/20250316035139/https://www.copperascovetx.gov/public_works/wastewater/,https://web.archive.org/web/*/https://www.copperascovetx.gov/public_works/wastewater/
HIGH,11,Water,2025,water distribution,priority category; 11 unique versions; infrastructure/money keyword,15,11,text/html,https://www.copperascovetx.gov/public_works/water_distribution/,https://web.archive.org/web/20250612221507/https://www.copperascovetx.gov/public_works/water_distribution/,https://web.archive.org/web/*/https://www.copperascovetx.gov/public_works/water_distribution/
HIGH,11,Contracts / Bids,2024,city contracts,priority category; 10 unique versions; infrastructure/money keyword,15,10,text/html,https://www.copperascovetx.gov/city_secretary/city-contracts/,https://web.archive.org/web/20240610212929/https://www.copperascovetx.gov/city_secretary/city-contracts/,https://web.archive.org/web/*/https://www.copperascovetx.gov/city_secretary/city-contracts/
HIGH,11,Wastewater,2025,sewer,priority category; 8 unique versions; infrastructure/money keyword,14,8,text/html,https://www.copperascovetx.gov/public_works/sewer/,https://web.archive.org/web/20250216085200/https://www.copperascovetx.gov/public_works/sewer/,https://web.archive.org/web/*/https://www.copperascovetx.gov/public_works/sewer/
HIGH,11,Wastewater,2025,wastewater capacity,priority category; 7 unique versions; infrastructure/money keyword,8,7,text/html,https://www.copperascovetx.gov/public_works/wastewater_capacity/,https://web.archive.org/web/20250803025932/https://www.copperascovetx.gov/public_works/wastewater_capacity/,https://web.archive.org/web/*/https://www.copperascovetx.gov/public_works/wastewater_capacity/
HIGH,11,Water,2025,stormwater stormwater education,priority category; 7 unique versions; infrastructure/money keyword,8,7,text/html,https://www.copperascovetx.gov/public_works/stormwater-stormwater_education/,https://web.archive.org/web/20250327005714/https://www.copperascovetx.gov/public_works/stormwater-stormwater_education/,https://web.archive.org/web/*/https://www.copperascovetx.gov/public_works/stormwater-stormwater_education/
HIGH,11,Golf,2020,golf course,priority category; 6 unique versions; infrastructure/money keyword,6,6,text/html,http://www.copperascovetx.gov/golf_course/,https://web.archive.org/web/20200502183114/http://www.copperascovetx.gov/golf_course/,https://web.archive.org/web/*/http://www.copperascovetx.gov/golf_course/
HIGH,11,Wastewater,2020,wastewater,priority category; 6 unique versions; infrastructure/money keyword,6,6,text/html,http://www.copperascovetx.gov/public_works/wastewater/,https://web.archive.org/web/20200502145641/http://www.copperascovetx.gov/public_works/wastewater/,https://web.archive.org/web/*/http://www.copperascovetx.gov/public_works/wastewater/
HIGH,11,Water,2025,stormwater complaint form,priority category; 6 unique versions; infrastructure/money keyword,7,6,text/html,https://www.copperascovetx.gov/public_works/stormwater/stormwater_complaint_form/,https://web.archive.org/web/20250803021114/https://www.copperascovetx.gov/public_works/stormwater/stormwater_complaint_form/,https://web.archive.org/web/*/https://www.copperascovetx.gov/public_works/stormwater/stormwater_complaint_form/
HIGH,11,Golf,2015,golf course.htm,priority category; 5 unique versions; infrastructure/money keyword,5,5,text/html,http://www.copperascovetx.gov:80/pages/golf_course/golf_course.htm,https://web.archive.org/web/20150307191224/http://www.copperascovetx.gov:80/pages/golf_course/golf_course.htm,https://web.archive.org/web/*/http://www.copperascovetx.gov:80/pages/golf_course/golf_course.htm
HIGH,11,Wastewater,2015,sewer department.htm,priority category; 5 unique versions; infrastructure/money keyword,5,5,text/html,http://www.copperascovetx.gov:80/pages/sewer_department/sewer_department.htm,https://web.archive.org/web/20150228213308/http://www.copperascovetx.gov:80/pages/sewer_department/sewer_department.htm,https://web.archive.org/web/*/http://www.copperascovetx.gov:80/pages/sewer_department/sewer_department.htm
HIGH,11,Wastewater,2015,wastewater.htm,priority category; 5 unique versions; infrastructure/money keyword,5,5,text/html,http://www.copperascovetx.gov:80/pages/water/wastewater.htm,https://web.archive.org/web/20150228213327/http://www.copperascovetx.gov:80/pages/water/wastewater.htm,https://web.archive.org/web/*/http://www.copperascovetx.gov:80/pages/water/wastewater.htm
HIGH,11,Wastewater,2020,sewer,priority category; 5 unique versions; infrastructure/money keyword,5,5,text/html,http://www.copperascovetx.gov/public_works/sewer/,https://web.archive.org/web/20200502153804/http://www.copperascovetx.gov/public_works/sewer/,https://web.archive.org/web/*/http://www.copperascovetx.gov/public_works/sewer/
HIGH,11,Water,2020,stormwater,priority category; 5 unique versions; infrastructure/money keyword,5,5,text/html,http://www.copperascovetx.gov/public_works/stormwater/,https://web.archive.org/web/20200502164105/http://www.copperascovetx.gov/public_works/stormwater/,https://web.archive.org/web/*/http://www.copperascovetx.gov/public_works/stormwater/
HIGH,10,Budget / Finance,2025,report.pdf,review category; 4 unique versions; infrastructure/money keyword; financial/project keyword; document/PDF,4,4,application/pdf,https://www.copperascovetx.gov/files/municipal_court/appt_fees/report.pdf,https://web.archive.org/web/20250327011001/https://www.copperascovetx.gov/files/municipal_court/appt_fees/report.pdf,https://web.archive.org/web/*/https://www.copperascovetx.gov/files/municipal_court/appt_fees/report.pdf
HIGH,10,Wastewater,2015,sewer department.htm,priority category; 4 unique versions; infrastructure/money keyword,4,4,text/html,http://www.copperascovetx.gov/pages/sewer_department/sewer_department.htm,https://web.archive.org/web/20150205185038/http://www.copperascovetx.gov/pages/sewer_department/sewer_department.htm,https://web.archive.org/web/*/http://www.copperascovetx.gov/pages/sewer_department/sewer_department.htm
HIGH,10,Wastewater,2015,wastewater.htm,priority category; 4 unique versions; infrastructure/money keyword,4,4,text/html,http://www.copperascovetx.gov/pages/water/wastewater.htm,https://web.archive.org/web/20150206025241/http://www.copperascovetx.gov/pages/water/wastewater.htm,https://web.archive.org/web/*/http://www.copperascovetx.gov/pages/water/wastewater.htm
HIGH,10,Water,2015,public works.htm,priority category; 4 unique versions; infrastructure/money keyword,4,4,text/html,http://www.copperascovetx.gov/pages/water_administration/public_works.htm,https://web.archive.org/web/20150205220422/http://www.copperascovetx.gov/pages/water_administration/public_works.htm,https://web.archive.org/web/*/http://www.copperascovetx.gov/pages/water_administration/public_works.htm
HIGH,10,Water,2015,water distribution.htm,priority category; 4 unique versions; infrastructure/money keyword,4,4,text/html,http://www.copperascovetx.gov/pages/water/water_distribution.htm,https://web.archive.org/web/20150205220429/http://www.copperascovetx.gov/pages/water/water_distribution.htm,https://web.archive.org/web/*/http://www.copperascovetx.gov/pages/water/water_distribution.htm
HIGH,10,Water,2020,water distribution,priority category; 4 unique versions; infrastructure/money keyword,4,4,text/html,http://www.copperascovetx.gov/public_works/water_distribution/,https://web.archive.org/web/20200502155706/http://www.copperascovetx.gov/public_works/water_distribution/,https://web.archive.org/web/*/http://www.copperascovetx.gov/public_works/water_distribution/
HIGH,10,Water,2020,water quality reports,priority category; 4 unique versions; infrastructure/money keyword,4,4,text/html,http://www.copperascovetx.gov/public_works/water_quality_reports/,https://web.archive.org/web/20200502181108/http://www.copperascovetx.gov/public_works/water_quality_reports/,https://web.archive.org/web/*/http://www.copperascovetx.gov/public_works/water_quality_reports/
HIGH,10,Contracts / Bids,2015,bid requests.htm,priority category; 3 unique versions; infrastructure/money keyword; financial/project keyword,3,3,text/html,http://www.copperascovetx.gov/pages/finance_department/bid_requests.htm,https://web.archive.org/web/20150205163301/http://www.copperascovetx.gov/pages/finance_department/bid_requests.htm,https://web.archive.org/web/*/http://www.copperascovetx.gov/pages/finance_department/bid_requests.htm
HIGH,10,Contracts / Bids,2020,bid requests,priority category; 3 unique versions; infrastructure/money keyword; financial/project keyword,3,3,text/html,http://www.copperascovetx.gov/finance_department/bid_requests/,https://web.archive.org/web/20200402144532/http://www.copperascovetx.gov/finance_department/bid_requests/,https://web.archive.org/web/*/http://www.copperascovetx.gov/finance_department/bid_requests/
HIGH,10,Contracts / Bids,2020,305 S Main St Project Manual.pdf,priority category; 2 unique versions; infrastructure/money keyword; financial/project keyword; document/PDF,2,2,application/pdf,https://www.copperascovetx.gov/files/finance/bid_requests/2020-17-81/305%20S%20Main%20St%20-%20Project%20Manual.pdf,https://web.archive.org/web/20201027033022/https://www.copperascovetx.gov/files/finance/bid_requests/2020-17-81/305%20S%20Main%20St%20-%20Project%20Manual.pdf,https://web.archive.org/web/*/https://www.copperascovetx.gov/files/finance/bid_requests/2020-17-81/305%20S%20Main%20St%20-%20Project%20Manual.pdf
HIGH,10,Contracts / Bids,2020,305 S Main St.Copperas Cove TX 76522 PROPOSED 4 21 2020.pdf,priority category; 2 unique versions; infrastructure/money keyword; financial/project keyword; document/PDF,2,2,application/pdf,https://www.copperascovetx.gov/files/finance/bid_requests/2020-17-81/305%20S%20Main%20St.Copperas%20Cove%20TX%2076522-PROPOSED%204-21-2020.pdf,https://web.archive.org/web/20201027024151/https://www.copperascovetx.gov/files/finance/bid_requests/2020-17-81/305%20S%20Main%20St.Copperas%20Cove%20TX%2076522-PROPOSED%204-21-2020.pdf,https://web.archive.org/web/*/https://www.copperascovetx.gov/files/finance/bid_requests/2020-17-81/305%20S%20Main%20St.Copperas%20Cove%20TX%2076522-PROPOSED%204-21-2020.pdf
HIGH,10,Contracts / Bids,2020,Addendum No. 06.pdf,priority category; 2 unique versions; infrastructure/money keyword; financial/project keyword; document/PDF,2,2,application/pdf,https://www.copperascovetx.gov/files/finance/bid_requests/2020-17-81/Addendum%20No.%2006.pdf,https://web.archive.org/web/20201019154712/https://www.copperascovetx.gov/files/finance/bid_requests/2020-17-81/Addendum%20No.%2006.pdf,https://web.archive.org/web/*/https://www.copperascovetx.gov/files/finance/bid_requests/2020-17-81/Addendum%20No.%2006.pdf
HIGH,10,Contracts / Bids,2020,CSJ 0909 39 131 etc Specifications and Contract Manual 2020 03 24.pdf,priority category; 2 unique versions; infrastructure/money keyword; financial/project keyword; document/PDF,2,2,application/pdf,https://www.copperascovetx.gov/files/finance/bid_requests/2020-16-61/CSJ%200909-39-131%20etc%20Specifications%20and%20Contract%20Manual%202020-03-24.pdf,https://web.archive.org/web/20201027033357/https://www.copperascovetx.gov/files/finance/bid_requests/2020-16-61/CSJ%200909-39-131%20etc%20Specifications%20and%20Contract%20Manual%202020-03-24.pdf,https://web.archive.org/web/*/https://www.copperascovetx.gov/files/finance/bid_requests/2020-16-61/CSJ%200909-39-131%20etc%20Specifications%20and%20Contract%20Manual%202020-03-24.pdf
HIGH,10,Contracts / Bids,2020,CSJ 0909 39 131 etc The Narrows 100percent Complete Plans 2020 03 17.pdf,priority category; 2 unique versions; infrastructure/money keyword; financial/project keyword; document/PDF,2,2,application/pdf,https://www.copperascovetx.gov/files/finance/bid_requests/2020-16-61/CSJ%200909-39-131%20etc%20The%20Narrows%20100percent%20Complete%20Plans%202020-03-17.pdf,https://web.archive.org/web/20201019160845/https://www.copperascovetx.gov/files/finance/bid_requests/2020-16-61/CSJ%200909-39-131%20etc%20The%20Narrows%20100percent%20Complete%20Plans%202020-03-17.pdf,https://web.archive.org/web/*/https://www.copperascovetx.gov/files/finance/bid_requests/2020-16-61/CSJ%200909-39-131%20etc%20The%20Narrows%20100percent%20Complete%20Plans%202020-03-17.pdf
HIGH,10,Contracts / Bids,2020,Construction Drawings.pdf,priority category; 2 unique versions; infrastructure/money keyword; financial/project keyword; document/PDF,2,2,application/pdf,https://www.copperascovetx.gov/files/finance/bid_requests/2020-01-61/Construction_Drawings.pdf,https://web.archive.org/web/20201027040350/https://www.copperascovetx.gov/files/finance/bid_requests/2020-01-61/Construction_Drawings.pdf,https://web.archive.org/web/*/https://www.copperascovetx.gov/files/finance/bid_requests/2020-01-61/Construction_Drawings.pdf
HIGH,10,Contracts / Bids,2020,FM 116 & FM 3046 SIDEWALKS.pdf,priority category; 2 unique versions; infrastructure/money keyword; financial/project keyword; document/PDF,2,2,application/pdf,https://www.copperascovetx.gov/files/finance/bid_requests/2020-01-61/FM%20116%20&%20FM%203046%20SIDEWALKS.pdf,https://web.archive.org/web/20201019153328/https://www.copperascovetx.gov/files/finance/bid_requests/2020-01-61/FM%20116%20&%20FM%203046%20SIDEWALKS.pdf,https://web.archive.org/web/*/https://www.copperascovetx.gov/files/finance/bid_requests/2020-01-61/FM%20116%20&%20FM%203046%20SIDEWALKS.pdf
HIGH,10,Contracts / Bids,2024,ADDENDUM NO. 1.pdf,priority category; 2 unique versions; infrastructure/money keyword; financial/project keyword; document/PDF,3,2,application/pdf,https://www.copperascovetx.gov/files/finance/bid_requests/2020-01-61/ADDENDUM%20NO.%201.pdf,https://web.archive.org/web/20240730113542/https://www.copperascovetx.gov/files/finance/bid_requests/2020-01-61/ADDENDUM%20NO.%201.pdf,https://web.archive.org/web/*/https://www.copperascovetx.gov/files/finance/bid_requests/2020-01-61/ADDENDUM%20NO.%201.pdf
HIGH,10,Contracts / Bids,2024,BID 2019 10.54.pdf,priority category; 2 unique versions; infrastructure/money keyword; financial/project keyword; document/PDF,2,2,application/pdf,https://www.copperascovetx.gov/files/finance/bid_requests/2019-10-54/BID%202019-10.54.pdf,https://web.archive.org/web/20240719150319/https://www.copperascovetx.gov/files/finance/bid_requests/2019-10-54/BID%202019-10.54.pdf,https://web.archive.org/web/*/https://www.copperascovetx.gov/files/finance/bid_requests/2019-10-54/BID%202019-10.54.pdf
HIGH,10,Contracts / Bids,2024,Copperas Cove Park Improvements Ph 2 Restrooms 2019 10 17.pdf,priority category; 2 unique versions; infrastructure/money keyword; financial/project keyword; document/PDF,2,2,application/pdf,https://www.copperascovetx.gov/files/finance/bid_requests/2019-10-54/Copperas%20Cove%20Park%20Improvements%20Ph%202%20Restrooms%202019-10-17.pdf,https://web.archive.org/web/20240728065831/https://www.copperascovetx.gov/files/finance/bid_requests/2019-10-54/Copperas%20Cove%20Park%20Improvements%20Ph%202%20Restrooms%202019-10-17.pdf,https://web.archive.org/web/*/https://www.copperascovetx.gov/files/finance/bid_requests/2019-10-54/Copperas%20Cove%20Park%20Improvements%20Ph%202%20Restrooms%202019-10-17.pdf
HIGH,10,Contracts / Bids,2025,Addendum2.pdf,priority category; 2 unique versions; infrastructure/money keyword; financial/project keyword; document/PDF,2,2,application/pdf,https://www.copperascovetx.gov/files/finance/bid_requests/2025-01-44/Addendum2.pdf,https://web.archive.org/web/20250803020049/https://www.copperascovetx.gov/files/finance/bid_requests/2025-01-44/Addendum2.pdf,https://web.archive.org/web/*/https://www.copperascovetx.gov/files/finance/bid_requests/2025-01-44/Addendum2.pdf
HIGH,10,Contracts / Bids,2025,COPPERAS COVE FS3 ADDITION & RENOVATION BID DRAWINGS 11 29 2024 (1).pdf,priority category; 2 unique versions; infrastructure/money keyword; financial/project keyword; document/PDF,2,2,application/pdf,https://www.copperascovetx.gov/files/finance/bid_requests/2025-01-44/COPPERAS%20COVE%20FS3%20ADDITION%20&%20RENOVATION%20-%20BID%20DRAWINGS%2011-29-2024%20(1).pdf,https://web.archive.org/web/20250803015328/https://www.copperascovetx.gov/files/finance/bid_requests/2025-01-44/COPPERAS%20COVE%20FS3%20ADDITION%20&%20RENOVATION%20-%20BID%20DRAWINGS%2011-29-2024%20(1).pdf,https://web.archive.org/web/*/https://www.copperascovetx.gov/files/finance/bid_requests/2025-01-44/COPPERAS%20COVE%20FS3%20ADDITION%20&%20RENOVATION%20-%20BID%20DRAWINGS%2011-29-2024%20(1).pdf
HIGH,10,Contracts / Bids,2025,COPPERAS COVE FS3 ADDITION & RENOVATION BID SPECIFICATIONS 11 29 2024 (2).pdf,priority category; 2 unique versions; infrastructure/money keyword; financial/project keyword; document/PDF,2,2,application/pdf,https://www.copperascovetx.gov/files/finance/bid_requests/2025-01-44/COPPERAS%20COVE%20FS3%20ADDITION%20&%20RENOVATION%20-%20BID%20SPECIFICATIONS%2011-29-2024%20(2).pdf,https://web.archive.org/web/20250803023813/https://www.copperascovetx.gov/files/finance/bid_requests/2025-01-44/COPPERAS%20COVE%20FS3%20ADDITION%20&%20RENOVATION%20-%20BID%20SPECIFICATIONS%2011-29-2024%20(2).pdf,https://web.archive.org/web/*/https://www.copperascovetx.gov/files/finance/bid_requests/2025-01-44/COPPERAS%20COVE%20FS3%20ADDITION%20&%20RENOVATION%20-%20BID%20SPECIFICATIONS%2011-29-2024%20(2).pdf
HIGH,10,Contracts / Bids,2025,SENIOR CENTER GRADING PROJECT BID.pdf,priority category; 2 unique versions; infrastructure/money keyword; financial/project keyword; document/PDF,2,2,application/pdf,https://www.copperascovetx.gov/files/finance/bid_requests/2025-03-54/SENIOR%20CENTER%20GRADING%20PROJECT%20BID.pdf,https://web.archive.org/web/20250803020452/https://www.copperascovetx.gov/files/finance/bid_requests/2025-03-54/SENIOR%20CENTER%20GRADING%20PROJECT%20BID.pdf,https://web.archive.org/web/*/https://www.copperascovetx.gov/files/finance/bid_requests/2025-03-54/SENIOR%20CENTER%20GRADING%20PROJECT%20BID.pdf
HIGH,10,Debt / Capital,2021,02212020 FY 2021 2025 Capital Improvement Plan Presentation.pdf,priority category; 2 unique versions; infrastructure/money keyword; financial/project keyword; document/PDF,2,2,application/pdf,https://www.copperascovetx.gov/files/budget/presentations/02212020%20FY%202021-2025%20Capital%20Improvement%20Plan%20Presentation.pdf,https://web.archive.org/web/20210304095719/https://www.copperascovetx.gov/files/budget/presentations/02212020%20FY%202021-2025%20Capital%20Improvement%20Plan%20Presentation.pdf,https://web.archive.org/web/*/https://www.copperascovetx.gov/files/budget/presentations/02212020%20FY%202021-2025%20Capital%20Improvement%20Plan%20Presentation.pdf
HIGH,10,Debt / Capital,2021,FY2010 14 adopted 09.pdf,priority category; 2 unique versions; infrastructure/money keyword; financial/project keyword; document/PDF,2,2,application/pdf,https://www.copperascovetx.gov/files/budget/plans/cip/FY2010-14_adopted_09.pdf,https://web.archive.org/web/20210118210925/https://www.copperascovetx.gov/files/budget/plans/cip/FY2010-14_adopted_09.pdf,https://web.archive.org/web/*/https://www.copperascovetx.gov/files/budget/plans/cip/FY2010-14_adopted_09.pdf
HIGH,10,Debt / Capital,2024,FY 2025 2029 Capital Outlay Plan 02272024 1st meeting with PD change and moved FS4 items to 2028.pdf,priority category; 2 unique versions; infrastructure/money keyword; financial/project keyword; document/PDF,2,2,application/pdf,https://www.copperascovetx.gov/files/budget/plans/cop/FY%202025-2029%20Capital%20Outlay%20Plan%2002272024%201st%20meeting%20with%20PD%20change%20and%20moved%20FS4%20items%20to%202028.pdf,https://web.archive.org/web/20240611082013/https://www.copperascovetx.gov/files/budget/plans/cop/FY%202025-2029%20Capital%20Outlay%20Plan%2002272024%201st%20meeting%20with%20PD%20change%20and%20moved%20FS4%20items%20to%202028.pdf,https://web.archive.org/web/*/https://www.copperascovetx.gov/files/budget/plans/cop/FY%202025-2029%20Capital%20Outlay%20Plan%2002272024%201st%20meeting%20with%20PD%20change%20and%20moved%20FS4%20items%20to%202028.pdf
HIGH,10,Debt / Capital,2024,FY 2025 2029 PROPOSED.pdf,priority category; 2 unique versions; infrastructure/money keyword; financial/project keyword; document/PDF,2,2,application/pdf,https://www.copperascovetx.gov/files/budget/plans/cip/FY%202025-2029%20PROPOSED.pdf,https://web.archive.org/web/20240612194333/https://www.copperascovetx.gov/files/budget/plans/cip/FY%202025-2029%20PROPOSED.pdf,https://web.archive.org/web/*/https://www.copperascovetx.gov/files/budget/plans/cip/FY%202025-2029%20PROPOSED.pdf
HIGH,10,Debt / Capital,2024,FY2010 14 amended 10.pdf,priority category; 2 unique versions; infrastructure/money keyword; financial/project keyword; document/PDF,3,2,application/pdf,https://www.copperascovetx.gov/files/budget/plans/cip/FY2010-14_amended_10.pdf,https://web.archive.org/web/20240712004852/https://www.copperascovetx.gov/files/budget/plans/cip/FY2010-14_amended_10.pdf,https://web.archive.org/web/*/https://www.copperascovetx.gov/files/budget/plans/cip/FY2010-14_amended_10.pdf
HIGH,10,Debt / Capital,2024,FY2010 14 amended 11.pdf,priority category; 2 unique versions; infrastructure/money keyword; financial/project keyword; document/PDF,3,2,application/pdf,https://www.copperascovetx.gov/files/budget/plans/cip/FY2010-14_amended_11.pdf,https://web.archive.org/web/20240713203623/https://www.copperascovetx.gov/files/budget/plans/cip/FY2010-14_amended_11.pdf,https://web.archive.org/web/*/https://www.copperascovetx.gov/files/budget/plans/cip/FY2010-14_amended_11.pdf
HIGH,10,Debt / Capital,2024,FY2010 14 amended 12.pdf,priority category; 2 unique versions; infrastructure/money keyword; financial/project keyword; document/PDF,3,2,application/pdf,https://www.copperascovetx.gov/files/budget/plans/cip/FY2010-14_amended_12.pdf,https://web.archive.org/web/20240713182145/https://www.copperascovetx.gov/files/budget/plans/cip/FY2010-14_amended_12.pdf,https://web.archive.org/web/*/https://www.copperascovetx.gov/files/budget/plans/cip/FY2010-14_amended_12.pdf
HIGH,10,Debt / Capital,2024,FY2010 14 amended 13.pdf,priority category; 2 unique versions; infrastructure/money keyword; financial/project keyword; document/PDF,3,2,application/pdf,https://www.copperascovetx.gov/files/budget/plans/cip/FY2010-14_amended_13.pdf,https://web.archive.org/web/20240721214059/https://www.copperascovetx.gov/files/budget/plans/cip/FY2010-14_amended_13.pdf,https://web.archive.org/web/*/https://www.copperascovetx.gov/files/budget/plans/cip/FY2010-14_amended_13.pdf
HIGH,10,Debt / Capital,2024,FY2015 19.pdf,priority category; 2 unique versions; infrastructure/money keyword; financial/project keyword; document/PDF,4,2,application/pdf,https://www.copperascovetx.gov/files/budget/plans/cip/FY2015-19.pdf,https://web.archive.org/web/20240530090824/https://www.copperascovetx.gov/files/budget/plans/cip/FY2015-19.pdf,https://web.archive.org/web/*/https://www.copperascovetx.gov/files/budget/plans/cip/FY2015-19.pdf
HIGH,10,Debt / Capital,2024,FY2016 20.pdf,priority category; 2 unique versions; infrastructure/money keyword; financial/project keyword; document/PDF,4,2,application/pdf,https://www.copperascovetx.gov/files/budget/plans/cip/FY2016-20.pdf,https://web.archive.org/web/20240530091716/https://www.copperascovetx.gov/files/budget/plans/cip/FY2016-20.pdf,https://web.archive.org/web/*/https://www.copperascovetx.gov/files/budget/plans/cip/FY2016-20.pdf
HIGH,10,Debt / Capital,2024,FY2017 21.pdf,priority category; 2 unique versions; infrastructure/money keyword; financial/project keyword; document/PDF,3,2,application/pdf,https://www.copperascovetx.gov/files/budget/plans/cip/FY2017-21.pdf,https://web.archive.org/web/20240530091137/https://www.copperascovetx.gov/files/budget/plans/cip/FY2017-21.pdf,https://web.archive.org/web/*/https://www.copperascovetx.gov/files/budget/plans/cip/FY2017-21.pdf
HIGH,10,Debt / Capital,2024,FY2018 22 amended 17.pdf,priority category; 2 unique versions; infrastructure/money keyword; financial/project keyword; document/PDF,3,2,application/pdf,https://www.copperascovetx.gov/files/budget/plans/cip/FY2018-22_amended_17.pdf,https://web.archive.org/web/20240730063216/https://www.copperascovetx.gov/files/budget/plans/cip/FY2018-22_amended_17.pdf,https://web.archive.org/web/*/https://www.copperascovetx.gov/files/budget/plans/cip/FY2018-22_amended_17.pdf
HIGH,10,Debt / Capital,2024,FY2018 22.pdf,priority category; 2 unique versions; infrastructure/money keyword; financial/project keyword; document/PDF,4,2,application/pdf,https://www.copperascovetx.gov/files/budget/plans/cip/FY2018-22.pdf,https://web.archive.org/web/20240530090655/https://www.copperascovetx.gov/files/budget/plans/cip/FY2018-22.pdf,https://web.archive.org/web/*/https://www.copperascovetx.gov/files/budget/plans/cip/FY2018-22.pdf
HIGH,10,Debt / Capital,2024,FY2019 23.pdf,priority category; 2 unique versions; infrastructure/money keyword; financial/project keyword; document/PDF,3,2,application/pdf,https://www.copperascovetx.gov/files/budget/plans/cip/FY2019-23.pdf,https://web.archive.org/web/20240530090351/https://www.copperascovetx.gov/files/budget/plans/cip/FY2019-23.pdf,https://web.archive.org/web/*/https://www.copperascovetx.gov/files/budget/plans/cip/FY2019-23.pdf
HIGH,10,Debt / Capital,2024,FY2020 24.pdf,priority category; 2 unique versions; infrastructure/money keyword; financial/project keyword; document/PDF,3,2,application/pdf,https://www.copperascovetx.gov/files/budget/plans/cip/FY2020-24.pdf,https://web.archive.org/web/20240530104735/https://www.copperascovetx.gov/files/budget/plans/cip/FY2020-24.pdf,https://web.archive.org/web/*/https://www.copperascovetx.gov/files/budget/plans/cip/FY2020-24.pdf
HIGH,10,Debt / Capital,2025,FY 2021 2025 ADOPTED.pdf,priority category; 2 unique versions; infrastructure/money keyword; financial/project keyword; document/PDF,5,2,application/pdf,https://www.copperascovetx.gov/files/budget/plans/cip/FY%202021-2025%20ADOPTED.pdf,https://web.archive.org/web/20250208072459/https://www.copperascovetx.gov/files/budget/plans/cip/FY%202021-2025%20ADOPTED.pdf,https://web.archive.org/web/*/https://www.copperascovetx.gov/files/budget/plans/cip/FY%202021-2025%20ADOPTED.pdf
HIGH,10,Debt / Capital,2025,FY 2023 2027.pdf,priority category; 2 unique versions; infrastructure/money keyword; financial/project keyword; document/PDF,3,2,application/pdf,https://www.copperascovetx.gov/files/budget/plans/cip/FY%202023-2027.pdf,https://web.archive.org/web/20250208205437/https://www.copperascovetx.gov/files/budget/plans/cip/FY%202023-2027.pdf,https://web.archive.org/web/*/https://www.copperascovetx.gov/files/budget/plans/cip/FY%202023-2027.pdf
HIGH,10,Debt / Capital,2025,FY 2024 2028.pdf,priority category; 2 unique versions; infrastructure/money keyword; financial/project keyword; document/PDF,3,2,application/pdf,https://www.copperascovetx.gov/files/budget/plans/cip/FY%202024-2028.pdf,https://web.archive.org/web/20250208214116/https://www.copperascovetx.gov/files/budget/plans/cip/FY%202024-2028.pdf,https://web.archive.org/web/*/https://www.copperascovetx.gov/files/budget/plans/cip/FY%202024-2028.pdf
HIGH,10,Debt / Capital,2025,FY2022 2026 Adopted.pdf,priority category; 2 unique versions; infrastructure/money keyword; financial/project keyword; document/PDF,3,2,application/pdf,https://www.copperascovetx.gov/files/budget/plans/cip/FY2022-2026_Adopted.pdf,https://web.archive.org/web/20250208073424/https://www.copperascovetx.gov/files/budget/plans/cip/FY2022-2026_Adopted.pdf,https://web.archive.org/web/*/https://www.copperascovetx.gov/files/budget/plans/cip/FY2022-2026_Adopted.pdf
HIGH,9,Drainage / Stormwater,2025,drainage,review category; 12 unique versions; infrastructure/money keyword,18,12,text/html,https://www.copperascovetx.gov/public_works/drainage/,https://web.archive.org/web/20250612224217/https://www.copperascovetx.gov/public_works/drainage/,https://web.archive.org/web/*/https://www.copperascovetx.gov/public_works/drainage/
HIGH,9,Drainage / Stormwater,2015,drainage.htm,review category; 5 unique versions; infrastructure/money keyword,5,5,text/html,http://www.copperascovetx.gov:80/pages/streets_department/drainage.htm,https://web.archive.org/web/20150228213317/http://www.copperascovetx.gov:80/pages/streets_department/drainage.htm,https://web.archive.org/web/*/http://www.copperascovetx.gov:80/pages/streets_department/drainage.htm
HIGH,9,Golf,2014,golf course.htm,priority category; 3 unique versions; infrastructure/money keyword,3,3,text/html,http://www.copperascovetx.gov/pages/golf_course/golf_course.htm,https://web.archive.org/web/20141209200111/http://www.copperascovetx.gov/pages/golf_course/golf_course.htm,https://web.archive.org/web/*/http://www.copperascovetx.gov/pages/golf_course/golf_course.htm
HIGH,9,Wastewater,2019,wastewater capacity,priority category; 3 unique versions; infrastructure/money keyword,3,3,text/html,http://www.copperascovetx.gov/public_works/wastewater_capacity/,https://web.archive.org/web/20191120062316/http://www.copperascovetx.gov/public_works/wastewater_capacity/,https://web.archive.org/web/*/http://www.copperascovetx.gov/public_works/wastewater_capacity/
HIGH,9,Wastewater,2025,fog,priority category; 3 unique versions; infrastructure/money keyword,3,3,text/html,https://www.copperascovetx.gov/public_works/sewer/fog/,https://web.archive.org/web/20250326231931/https://www.copperascovetx.gov/public_works/sewer/fog/,https://web.archive.org/web/*/https://www.copperascovetx.gov/public_works/sewer/fog/
HIGH,9,Contracts / Bids,2020,bid requests,priority category; 2 unique versions; infrastructure/money keyword; financial/project keyword,2,2,text/html,http://www.copperascovetx.gov:80/finance_department/bid_requests/,https://web.archive.org/web/20200622140934/http://www.copperascovetx.gov:80/finance_department/bid_requests/,https://web.archive.org/web/*/http://www.copperascovetx.gov:80/finance_department/bid_requests/
HIGH,9,Contracts / Bids,2024,HICKS RAY ASSOSCIATES Designated Services Agreement 11 4 2014.pdf,priority category; 2 unique versions; infrastructure/money keyword; document/PDF,5,2,application/pdf,https://www.copperascovetx.gov/files/city_secretary/contracts/HICKS-RAY%20ASSOSCIATES%20Designated%20Services%20Agreement%2011-4-2014.pdf,https://web.archive.org/web/20240804115001/https://www.copperascovetx.gov/files/city_secretary/contracts/HICKS-RAY%20ASSOSCIATES%20Designated%20Services%20Agreement%2011-4-2014.pdf,https://web.archive.org/web/*/https://www.copperascovetx.gov/files/city_secretary/contracts/HICKS-RAY%20ASSOSCIATES%20Designated%20Services%20Agreement%2011-4-2014.pdf
HIGH,9,Contracts / Bids,2024,Hicks Ray Agreement (Federal Legislative Assistance) 2018.pdf,priority category; 2 unique versions; infrastructure/money keyword; document/PDF,5,2,application/pdf,https://www.copperascovetx.gov/files/city_secretary/contracts/Hicks-Ray%20Agreement%20(Federal%20Legislative%20Assistance)%202018.pdf,https://web.archive.org/web/20240805095457/https://www.copperascovetx.gov/files/city_secretary/contracts/Hicks-Ray%20Agreement%20(Federal%20Legislative%20Assistance)%202018.pdf,https://web.archive.org/web/*/https://www.copperascovetx.gov/files/city_secretary/contracts/Hicks-Ray%20Agreement%20(Federal%20Legislative%20Assistance)%202018.pdf
HIGH,9,Contracts / Bids,2024,Hicks Ray Assoc Consulting Serv 12 01 15.pdf,priority category; 2 unique versions; infrastructure/money keyword; document/PDF,5,2,application/pdf,https://www.copperascovetx.gov/files/city_secretary/contracts/Hicks-Ray%20Assoc%20-%20Consulting%20Serv%2012-01-15.pdf,https://web.archive.org/web/20240804104003/https://www.copperascovetx.gov/files/city_secretary/contracts/Hicks-Ray%20Assoc%20-%20Consulting%20Serv%2012-01-15.pdf,https://web.archive.org/web/*/https://www.copperascovetx.gov/files/city_secretary/contracts/Hicks-Ray%20Assoc%20-%20Consulting%20Serv%2012-01-15.pdf
HIGH,9,Contracts / Bids,2024,"Susan Ross INC January 1, 2019.pdf",priority category; 2 unique versions; infrastructure/money keyword; document/PDF,5,2,application/pdf,"https://www.copperascovetx.gov/files/city_secretary/contracts/Susan%20Ross%20INC-%20January%201,%202019.pdf","https://web.archive.org/web/20240802222628/https://www.copperascovetx.gov/files/city_secretary/contracts/Susan%20Ross%20INC-%20January%201,%202019.pdf","https://web.archive.org/web/*/https://www.copperascovetx.gov/files/city_secretary/contracts/Susan%20Ross%20INC-%20January%201,%202019.pdf"
HIGH,9,Contracts / Bids,2024,Susan Ross Professional Services Agreement 01 JAN 2017.pdf,priority category; 2 unique versions; infrastructure/money keyword; document/PDF,5,2,application/pdf,https://www.copperascovetx.gov/files/city_secretary/contracts/Susan%20Ross%20Professional%20Services%20Agreement%2001%20JAN%202017.pdf,https://web.archive.org/web/20240802181244/https://www.copperascovetx.gov/files/city_secretary/contracts/Susan%20Ross%20Professional%20Services%20Agreement%2001%20JAN%202017.pdf,https://web.archive.org/web/*/https://www.copperascovetx.gov/files/city_secretary/contracts/Susan%20Ross%20Professional%20Services%20Agreement%2001%20JAN%202017.pdf
HIGH,9,Contracts / Bids,2024,"Susan Ross Professional Services Agreement, Legislative Assistance, 12.23.14.pdf",priority category; 2 unique versions; infrastructure/money keyword; document/PDF,5,2,application/pdf,"https://www.copperascovetx.gov/files/city_secretary/contracts/Susan%20Ross%20Professional%20Services%20Agreement,%20Legislative%20Assistance,%2012.23.14.pdf","https://web.archive.org/web/20240804071535/https://www.copperascovetx.gov/files/city_secretary/contracts/Susan%20Ross%20Professional%20Services%20Agreement,%20Legislative%20Assistance,%2012.23.14.pdf","https://web.archive.org/web/*/https://www.copperascovetx.gov/files/city_secretary/contracts/Susan%20Ross%20Professional%20Services%20Agreement,%20Legislative%20Assistance,%2012.23.14.pdf"
HIGH,9,Debt / Capital,2021,2021BondElection.pdf,priority category; 2 unique versions; infrastructure/money keyword; document/PDF,3,2,application/pdf,https://www.copperascovetx.gov/files/city_secretary/bond/2021/2021BondElection.pdf,https://web.archive.org/web/20211021154322/https://www.copperascovetx.gov/files/city_secretary/bond/2021/2021BondElection.pdf,https://web.archive.org/web/*/https://www.copperascovetx.gov/files/city_secretary/bond/2021/2021BondElection.pdf
HIGH,9,Golf,2025,KCCB Scholarship Golf Tournament 06 17 22.pdf,priority category; 2 unique versions; infrastructure/money keyword; document/PDF,3,2,application/pdf,https://www.copperascovetx.gov/files/pio/press_releases/06-22/KCCB%20Scholarship%20Golf%20Tournament%2006-17-22.pdf,https://web.archive.org/web/20250212045500/https://www.copperascovetx.gov/files/pio/press_releases/06-22/KCCB%20Scholarship%20Golf%20Tournament%2006-17-22.pdf,https://web.archive.org/web/*/https://www.copperascovetx.gov/files/pio/press_releases/06-22/KCCB%20Scholarship%20Golf%20Tournament%2006-17-22.pdf
HIGH,9,Water,2021,2014.PDF,priority category; 2 unique versions; infrastructure/money keyword; document/PDF,2,2,application/pdf,https://www.copperascovetx.gov/files/water/2014.PDF,https://web.archive.org/web/20210125040449/https://www.copperascovetx.gov/files/water/2014.PDF,https://web.archive.org/web/*/https://www.copperascovetx.gov/files/water/2014.PDF
HIGH,9,Water,2021,water collection map.pdf,priority category; 2 unique versions; infrastructure/money keyword; document/PDF,2,2,application/pdf,https://www.copperascovetx.gov/files/utility_admin/water%20collection%20map.pdf,https://web.archive.org/web/20210116124914/https://www.copperascovetx.gov/files/utility_admin/water%20collection%20map.pdf,https://web.archive.org/web/*/https://www.copperascovetx.gov/files/utility_admin/water%20collection%20map.pdf
HIGH,9,Water,2022,2019 Annual Report.pdf,priority category; 2 unique versions; infrastructure/money keyword; document/PDF,3,2,application/pdf,https://www.copperascovetx.gov/files/public_works/stormwater/2019%20Annual%20Report.pdf,https://web.archive.org/web/20220808165759/https://www.copperascovetx.gov/files/public_works/stormwater/2019%20Annual%20Report.pdf,https://web.archive.org/web/*/https://www.copperascovetx.gov/files/public_works/stormwater/2019%20Annual%20Report.pdf
HIGH,9,Water,2024,Stage 4A Water Conservation Rescinded Stage 2 Ordered04032024.pdf,priority category; 2 unique versions; infrastructure/money keyword; document/PDF,2,2,application/pdf,https://www.copperascovetx.gov/files/pio/press_releases/04-24/Stage%204A%20Water%20Conservation%20Rescinded%20Stage%202%20Ordered04032024.pdf,https://web.archive.org/web/20240530094349/https://www.copperascovetx.gov/files/pio/press_releases/04-24/Stage%204A%20Water%20Conservation%20Rescinded%20Stage%202%20Ordered04032024.pdf,https://web.archive.org/web/*/https://www.copperascovetx.gov/files/pio/press_releases/04-24/Stage%204A%20Water%20Conservation%20Rescinded%20Stage%202%20Ordered04032024.pdf
HIGH,9,Water,2025,2005.pdf,priority category; 2 unique versions; infrastructure/money keyword; document/PDF,4,2,application/pdf,https://www.copperascovetx.gov/files/water/2005.pdf,https://web.archive.org/web/20250209015517/https://www.copperascovetx.gov/files/water/2005.pdf,https://web.archive.org/web/*/https://www.copperascovetx.gov/files/water/2005.pdf
HIGH,9,Water,2025,2007.pdf,priority category; 2 unique versions; infrastructure/money keyword; document/PDF,4,2,application/pdf,https://www.copperascovetx.gov/files/water/2007.pdf,https://web.archive.org/web/20250209020315/https://www.copperascovetx.gov/files/water/2007.pdf,https://web.archive.org/web/*/https://www.copperascovetx.gov/files/water/2007.pdf
HIGH,9,Water,2025,2010.pdf,priority category; 2 unique versions; infrastructure/money keyword; document/PDF,4,2,application/pdf,https://www.copperascovetx.gov/files/water/2010.pdf,https://web.archive.org/web/20250209021845/https://www.copperascovetx.gov/files/water/2010.pdf,https://web.archive.org/web/*/https://www.copperascovetx.gov/files/water/2010.pdf
HIGH,9,Water,2025,2013.pdf,priority category; 2 unique versions; infrastructure/money keyword; document/PDF,4,2,application/pdf,https://www.copperascovetx.gov/files/water/2013.pdf,https://web.archive.org/web/20250209061001/https://www.copperascovetx.gov/files/water/2013.pdf,https://web.archive.org/web/*/https://www.copperascovetx.gov/files/water/2013.pdf
HIGH,9,Water,2025,2018.PDF,priority category; 2 unique versions; infrastructure/money keyword; document/PDF,4,2,application/pdf,https://www.copperascovetx.gov/files/water/2018.PDF,https://web.archive.org/web/20250209021647/https://www.copperascovetx.gov/files/water/2018.PDF,https://web.archive.org/web/*/https://www.copperascovetx.gov/files/water/2018.PDF
HIGH,9,Water,2025,2019.PDF,priority category; 2 unique versions; infrastructure/money keyword; document/PDF,4,2,application/pdf,https://www.copperascovetx.gov/files/water/2019.PDF,https://web.archive.org/web/20250209021613/https://www.copperascovetx.gov/files/water/2019.PDF,https://web.archive.org/web/*/https://www.copperascovetx.gov/files/water/2019.PDF
HIGH,9,Water,2025,2021 MS4 Annual Report.pdf,priority category; 2 unique versions; infrastructure/money keyword; document/PDF,5,2,application/pdf,https://www.copperascovetx.gov/files/public_works/stormwater/2021%20MS4%20Annual%20Report.pdf,https://web.archive.org/web/20250208154911/https://www.copperascovetx.gov/files/public_works/stormwater/2021%20MS4%20Annual%20Report.pdf,https://web.archive.org/web/*/https://www.copperascovetx.gov/files/public_works/stormwater/2021%20MS4%20Annual%20Report.pdf
HIGH,9,Water,2025,2022 MS4 Annual Report.pdf,priority category; 2 unique versions; infrastructure/money keyword; document/PDF,2,2,application/pdf,https://www.copperascovetx.gov/files/public_works/stormwater/2022%20MS4%20Annual%20Report.pdf,https://web.archive.org/web/20250208163124/https://www.copperascovetx.gov/files/public_works/stormwater/2022%20MS4%20Annual%20Report.pdf,https://web.archive.org/web/*/https://www.copperascovetx.gov/files/public_works/stormwater/2022%20MS4%20Annual%20Report.pdf
HIGH,9,Water,2025,2023 Annual Report Final.pdf,priority category; 2 unique versions; infrastructure/money keyword; document/PDF,2,2,application/pdf,https://www.copperascovetx.gov/files/public_works/stormwater/2023%20Annual%20Report%20Final.pdf,https://web.archive.org/web/20250208162002/https://www.copperascovetx.gov/files/public_works/stormwater/2023%20Annual%20Report%20Final.pdf,https://web.archive.org/web/*/https://www.copperascovetx.gov/files/public_works/stormwater/2023%20Annual%20Report%20Final.pdf
HIGH,9,Water,2025,CC SWMP 2019 V5.0 Final 2020 0108.pdf,priority category; 2 unique versions; infrastructure/money keyword; document/PDF,5,2,application/pdf,https://www.copperascovetx.gov/files/public_works/stormwater/CC_SWMP_2019%20-%20V5.0_Final_2020%200108.pdf,https://web.archive.org/web/20250208160622/https://www.copperascovetx.gov/files/public_works/stormwater/CC_SWMP_2019%20-%20V5.0_Final_2020%200108.pdf,https://web.archive.org/web/*/https://www.copperascovetx.gov/files/public_works/stormwater/CC_SWMP_2019%20-%20V5.0_Final_2020%200108.pdf
HIGH,9,Water,2025,City of Copperas Cove Water Quality Report 2019.pdf,priority category; 2 unique versions; infrastructure/money keyword; document/PDF,3,2,application/pdf,https://www.copperascovetx.gov/files/pio/press_releases/09-20/City%20of%20Copperas%20Cove%20Water%20Quality%20Report%202019.pdf,https://web.archive.org/web/20250216161320/https://www.copperascovetx.gov/files/pio/press_releases/09-20/City%20of%20Copperas%20Cove%20Water%20Quality%20Report%202019.pdf,https://web.archive.org/web/*/https://www.copperascovetx.gov/files/pio/press_releases/09-20/City%20of%20Copperas%20Cove%20Water%20Quality%20Report%202019.pdf
HIGH,9,Water,2025,Flyer Healthy Lawns Healthy Waters Lampasas River Watershed Aug 2021.pdf,priority category; 2 unique versions; infrastructure/money keyword; document/PDF,4,2,application/pdf,https://www.copperascovetx.gov/files/pio/press_releases/08-21/Flyer%20-%20Healthy%20Lawns%20Healthy%20Waters%20-%20Lampasas%20River%20Watershed%20-%20Aug%202021.pdf,https://web.archive.org/web/20250210215226/https://www.copperascovetx.gov/files/pio/press_releases/08-21/Flyer%20-%20Healthy%20Lawns%20Healthy%20Waters%20-%20Lampasas%20River%20Watershed%20-%20Aug%202021.pdf,https://web.archive.org/web/*/https://www.copperascovetx.gov/files/pio/press_releases/08-21/Flyer%20-%20Healthy%20Lawns%20Healthy%20Waters%20-%20Lampasas%20River%20Watershed%20-%20Aug%202021.pdf
HIGH,9,Water,2025,Ord 2014 42.pdf,priority category; 2 unique versions; infrastructure/money keyword; document/PDF,4,2,application/pdf,https://www.copperascovetx.gov/files/water/Ord_2014-42.pdf,https://web.archive.org/web/20250327010108/https://www.copperascovetx.gov/files/water/Ord_2014-42.pdf,https://web.archive.org/web/*/https://www.copperascovetx.gov/files/water/Ord_2014-42.pdf
HIGH,9,Water,2025,Water Quality Report 07 15 2022.pdf,priority category; 2 unique versions; infrastructure/money keyword; document/PDF,2,2,application/pdf,https://www.copperascovetx.gov/files/pio/press_releases/07-22/Water%20Quality%20Report%2007-15-2022.pdf,https://web.archive.org/web/20250216161116/https://www.copperascovetx.gov/files/pio/press_releases/07-22/Water%20Quality%20Report%2007-15-2022.pdf,https://web.archive.org/web/*/https://www.copperascovetx.gov/files/pio/press_releases/07-22/Water%20Quality%20Report%2007-15-2022.pdf
HIGH,9,Contracts / Bids,2016,2016 09 31 RFP for Audit Services Final.pdf,priority category; infrastructure/money keyword; financial/project keyword; document/PDF,1,1,application/pdf,http://www.copperascovetx.gov/files/finance/bid_requests/2016-09-31/2016-09-31%20RFP%20for%20Audit%20Services%20Final.pdf,https://web.archive.org/web/20161228134455/http://www.copperascovetx.gov/files/finance/bid_requests/2016-09-31/2016-09-31%20RFP%20for%20Audit%20Services%20Final.pdf,https://web.archive.org/web/*/http://www.copperascovetx.gov/files/finance/bid_requests/2016-09-31/2016-09-31%20RFP%20for%20Audit%20Services%20Final.pdf
HIGH,9,Contracts / Bids,2016,2016 13 54.pdf,priority category; infrastructure/money keyword; financial/project keyword; document/PDF,1,1,application/pdf,http://www.copperascovetx.gov/files/finance/bid_requests/2016-13-54/2016-13-54.pdf,https://web.archive.org/web/20161228045612/http://www.copperascovetx.gov/files/finance/bid_requests/2016-13-54/2016-13-54.pdf,https://web.archive.org/web/*/http://www.copperascovetx.gov/files/finance/bid_requests/2016-13-54/2016-13-54.pdf
HIGH,9,Contracts / Bids,2016,2016 15 35.pdf,priority category; infrastructure/money keyword; financial/project keyword; document/PDF,1,1,application/pdf,http://www.copperascovetx.gov/files/finance/bid_requests/2016-15-35/2016-15-35.pdf,https://web.archive.org/web/20161228050151/http://www.copperascovetx.gov/files/finance/bid_requests/2016-15-35/2016-15-35.pdf,https://web.archive.org/web/*/http://www.copperascovetx.gov/files/finance/bid_requests/2016-15-35/2016-15-35.pdf
HIGH,9,Contracts / Bids,2016,2016 18 34.pdf,priority category; infrastructure/money keyword; financial/project keyword; document/PDF,1,1,application/pdf,http://www.copperascovetx.gov/files/finance/bid_requests/2016-18-34/2016-18-34.pdf,https://web.archive.org/web/20161228050718/http://www.copperascovetx.gov/files/finance/bid_requests/2016-18-34/2016-18-34.pdf,https://web.archive.org/web/*/http://www.copperascovetx.gov/files/finance/bid_requests/2016-18-34/2016-18-34.pdf
HIGH,9,Contracts / Bids,2016,2016 24 34.pdf,priority category; infrastructure/money keyword; financial/project keyword; document/PDF,1,1,application/pdf,http://www.copperascovetx.gov/files/finance/bid_requests/2016-24-34/2016-24-34.pdf,https://web.archive.org/web/20161228051233/http://www.copperascovetx.gov/files/finance/bid_requests/2016-24-34/2016-24-34.pdf,https://web.archive.org/web/*/http://www.copperascovetx.gov/files/finance/bid_requests/2016-24-34/2016-24-34.pdf
HIGH,9,Contracts / Bids,2016,2016 40 35.pdf,priority category; infrastructure/money keyword; financial/project keyword; document/PDF,1,1,application/pdf,http://www.copperascovetx.gov/files/finance/bid_requests/2016-40-35/2016-40-35.pdf,https://web.archive.org/web/20161228051740/http://www.copperascovetx.gov/files/finance/bid_requests/2016-40-35/2016-40-35.pdf,https://web.archive.org/web/*/http://www.copperascovetx.gov/files/finance/bid_requests/2016-40-35/2016-40-35.pdf
HIGH,9,Contracts / Bids,2016,Questions Answers.pdf,priority category; infrastructure/money keyword; financial/project keyword; document/PDF,1,1,application/pdf,http://www.copperascovetx.gov/files/finance/bid_requests/2016-08-82/Questions_Answers.pdf,https://web.archive.org/web/20161228080033/http://www.copperascovetx.gov/files/finance/bid_requests/2016-08-82/Questions_Answers.pdf,https://web.archive.org/web/*/http://www.copperascovetx.gov/files/finance/bid_requests/2016-08-82/Questions_Answers.pdf
HIGH,9,Contracts / Bids,2016,Submittal CoveIsBldg.pdf,priority category; infrastructure/money keyword; financial/project keyword; document/PDF,1,1,application/pdf,http://www.copperascovetx.gov/files/finance/bid_requests/2016-15-35/Submittal_CoveIsBldg.pdf,https://web.archive.org/web/20161228092854/http://www.copperascovetx.gov/files/finance/bid_requests/2016-15-35/Submittal_CoveIsBldg.pdf,https://web.archive.org/web/*/http://www.copperascovetx.gov/files/finance/bid_requests/2016-15-35/Submittal_CoveIsBldg.pdf
HIGH,9,Contracts / Bids,2016,addendum 1.pdf,priority category; infrastructure/money keyword; financial/project keyword; document/PDF,1,1,application/pdf,http://www.copperascovetx.gov/files/finance/bid_requests/2016-07-54/addendum_1.pdf,https://web.archive.org/web/20161229024249/http://www.copperascovetx.gov/files/finance/bid_requests/2016-07-54/addendum_1.pdf,https://web.archive.org/web/*/http://www.copperascovetx.gov/files/finance/bid_requests/2016-07-54/addendum_1.pdf
HIGH,9,Contracts / Bids,2016,addendum.pdf,priority category; infrastructure/money keyword; financial/project keyword; document/PDF,1,1,application/pdf,http://www.copperascovetx.gov/files/finance/bid_requests/2016-09-31/addendum.pdf,https://web.archive.org/web/20161228232359/http://www.copperascovetx.gov/files/finance/bid_requests/2016-09-31/addendum.pdf,https://web.archive.org/web/*/http://www.copperascovetx.gov/files/finance/bid_requests/2016-09-31/addendum.pdf
HIGH,9,Contracts / Bids,2016,addendum1.pdf,priority category; infrastructure/money keyword; financial/project keyword; document/PDF,1,1,application/pdf,http://www.copperascovetx.gov/files/finance/bid_requests/2016-13-54/addendum1.pdf,https://web.archive.org/web/20161228033518/http://www.copperascovetx.gov/files/finance/bid_requests/2016-13-54/addendum1.pdf,https://web.archive.org/web/*/http://www.copperascovetx.gov/files/finance/bid_requests/2016-13-54/addendum1.pdf
HIGH,9,Contracts / Bids,2016,addendum1.pdf,priority category; infrastructure/money keyword; financial/project keyword; document/PDF,1,1,application/pdf,http://www.copperascovetx.gov/files/finance/bid_requests/2016-19-54/addendum1.pdf,https://web.archive.org/web/20161228034040/http://www.copperascovetx.gov/files/finance/bid_requests/2016-19-54/addendum1.pdf,https://web.archive.org/web/*/http://www.copperascovetx.gov/files/finance/bid_requests/2016-19-54/addendum1.pdf
HIGH,9,Contracts / Bids,2016,addendum1.pdf,priority category; infrastructure/money keyword; financial/project keyword; document/PDF,1,1,application/pdf,http://www.copperascovetx.gov/files/finance/bid_requests/2016-22-80/addendum1.pdf,https://web.archive.org/web/20161229011713/http://www.copperascovetx.gov/files/finance/bid_requests/2016-22-80/addendum1.pdf,https://web.archive.org/web/*/http://www.copperascovetx.gov/files/finance/bid_requests/2016-22-80/addendum1.pdf
HIGH,9,Contracts / Bids,2016,addendum1.pdf,priority category; infrastructure/money keyword; financial/project keyword; document/PDF,1,1,application/pdf,http://www.copperascovetx.gov/files/finance/bid_requests/2016-23-42/addendum1.pdf,https://web.archive.org/web/20161229012222/http://www.copperascovetx.gov/files/finance/bid_requests/2016-23-42/addendum1.pdf,https://web.archive.org/web/*/http://www.copperascovetx.gov/files/finance/bid_requests/2016-23-42/addendum1.pdf
HIGH,9,Contracts / Bids,2016,addendum2.pdf,priority category; infrastructure/money keyword; financial/project keyword; document/PDF,1,1,application/pdf,http://www.copperascovetx.gov/files/finance/bid_requests/2016-19-54/addendum2.pdf,https://web.archive.org/web/20161229010705/http://www.copperascovetx.gov/files/finance/bid_requests/2016-19-54/addendum2.pdf,https://web.archive.org/web/*/http://www.copperascovetx.gov/files/finance/bid_requests/2016-19-54/addendum2.pdf
HIGH,9,Contracts / Bids,2016,addendum4.pdf,priority category; infrastructure/money keyword; financial/project keyword; document/PDF,1,1,application/pdf,http://www.copperascovetx.gov/files/finance/bid_requests/2016-19-54/addendum4.pdf,https://web.archive.org/web/20161228034546/http://www.copperascovetx.gov/files/finance/bid_requests/2016-19-54/addendum4.pdf,https://web.archive.org/web/*/http://www.copperascovetx.gov/files/finance/bid_requests/2016-19-54/addendum4.pdf
HIGH,9,Contracts / Bids,2016,addendum5.pdf,priority category; infrastructure/money keyword; financial/project keyword; document/PDF,1,1,application/pdf,http://www.copperascovetx.gov/files/finance/bid_requests/2016-19-54/addendum5.pdf,https://web.archive.org/web/20161229011210/http://www.copperascovetx.gov/files/finance/bid_requests/2016-19-54/addendum5.pdf,https://web.archive.org/web/*/http://www.copperascovetx.gov/files/finance/bid_requests/2016-19-54/addendum5.pdf
HIGH,9,Contracts / Bids,2017,2016 07 54 RFP Aquatic Chemical.pdf,priority category; infrastructure/money keyword; financial/project keyword; document/PDF,1,1,application/pdf,http://www.copperascovetx.gov/files/finance/bid_requests/2016-07-54/2016-07-54%20RFP%20Aquatic%20Chemical.pdf,https://web.archive.org/web/20170131184615/http://www.copperascovetx.gov/files/finance/bid_requests/2016-07-54/2016-07-54%20RFP%20Aquatic%20Chemical.pdf,https://web.archive.org/web/*/http://www.copperascovetx.gov/files/finance/bid_requests/2016-07-54/2016-07-54%20RFP%20Aquatic%20Chemical.pdf
HIGH,9,Contracts / Bids,2017,2016 11 34.pdf,priority category; infrastructure/money keyword; financial/project keyword; document/PDF,1,1,application/pdf,http://www.copperascovetx.gov/files/finance/bid_requests/2016-11-34/2016-11-34.pdf,https://web.archive.org/web/20170125014850/http://www.copperascovetx.gov/files/finance/bid_requests/2016-11-34/2016-11-34.pdf,https://web.archive.org/web/*/http://www.copperascovetx.gov/files/finance/bid_requests/2016-11-34/2016-11-34.pdf
HIGH,9,Contracts / Bids,2017,2016 12 34.pdf,priority category; infrastructure/money keyword; financial/project keyword; document/PDF,1,1,application/pdf,http://www.copperascovetx.gov/files/finance/bid_requests/2016-12-34/2016-12-34.pdf,https://web.archive.org/web/20170125015407/http://www.copperascovetx.gov/files/finance/bid_requests/2016-12-34/2016-12-34.pdf,https://web.archive.org/web/*/http://www.copperascovetx.gov/files/finance/bid_requests/2016-12-34/2016-12-34.pdf
HIGH,9,Contracts / Bids,2017,2016 14 32.pdf,priority category; infrastructure/money keyword; financial/project keyword; document/PDF,1,1,application/pdf,http://www.copperascovetx.gov/files/finance/bid_requests/2016-14-32/2016-14-32.pdf,https://web.archive.org/web/20170125015914/http://www.copperascovetx.gov/files/finance/bid_requests/2016-14-32/2016-14-32.pdf,https://web.archive.org/web/*/http://www.copperascovetx.gov/files/finance/bid_requests/2016-14-32/2016-14-32.pdf
HIGH,9,Contracts / Bids,2017,2016 15 34.pdf,priority category; infrastructure/money keyword; financial/project keyword; document/PDF,1,1,application/pdf,http://www.copperascovetx.gov/files/finance/bid_requests/2016-15-34/2016-15-34.pdf,https://web.archive.org/web/20170131123356/http://www.copperascovetx.gov/files/finance/bid_requests/2016-15-34/2016-15-34.pdf,https://web.archive.org/web/*/http://www.copperascovetx.gov/files/finance/bid_requests/2016-15-34/2016-15-34.pdf
HIGH,9,Contracts / Bids,2017,2016 16 54.pdf,priority category; infrastructure/money keyword; financial/project keyword; document/PDF,1,1,application/pdf,http://www.copperascovetx.gov/files/finance/bid_requests/2016-16-54/2016-16-54.pdf,https://web.archive.org/web/20170125020939/http://www.copperascovetx.gov/files/finance/bid_requests/2016-16-54/2016-16-54.pdf,https://web.archive.org/web/*/http://www.copperascovetx.gov/files/finance/bid_requests/2016-16-54/2016-16-54.pdf
HIGH,9,Contracts / Bids,2017,2016 17 34.pdf,priority category; infrastructure/money keyword; financial/project keyword; document/PDF,1,1,application/pdf,http://www.copperascovetx.gov/files/finance/bid_requests/2016-17-34/2016-17-34.pdf,https://web.archive.org/web/20170125021500/http://www.copperascovetx.gov/files/finance/bid_requests/2016-17-34/2016-17-34.pdf,https://web.archive.org/web/*/http://www.copperascovetx.gov/files/finance/bid_requests/2016-17-34/2016-17-34.pdf
HIGH,9,Contracts / Bids,2017,2016 19 54.pdf,priority category; infrastructure/money keyword; financial/project keyword; document/PDF,1,1,application/pdf,http://www.copperascovetx.gov/files/finance/bid_requests/2016-19-54/2016-19-54.pdf,https://web.archive.org/web/20170131124421/http://www.copperascovetx.gov/files/finance/bid_requests/2016-19-54/2016-19-54.pdf,https://web.archive.org/web/*/http://www.copperascovetx.gov/files/finance/bid_requests/2016-19-54/2016-19-54.pdf
HIGH,9,Contracts / Bids,2017,2016 21 54.pdf,priority category; infrastructure/money keyword; financial/project keyword; document/PDF,1,1,application/pdf,http://www.copperascovetx.gov/files/finance/bid_requests/2016-21-54/2016-21-54.pdf,https://web.archive.org/web/20170125022005/http://www.copperascovetx.gov/files/finance/bid_requests/2016-21-54/2016-21-54.pdf,https://web.archive.org/web/*/http://www.copperascovetx.gov/files/finance/bid_requests/2016-21-54/2016-21-54.pdf
HIGH,9,Contracts / Bids,2017,2016 22 80.pdf,priority category; infrastructure/money keyword; financial/project keyword; document/PDF,1,1,application/pdf,http://www.copperascovetx.gov/files/finance/bid_requests/2016-22-80/2016-22-80.pdf,https://web.archive.org/web/20170131124952/http://www.copperascovetx.gov/files/finance/bid_requests/2016-22-80/2016-22-80.pdf,https://web.archive.org/web/*/http://www.copperascovetx.gov/files/finance/bid_requests/2016-22-80/2016-22-80.pdf
HIGH,9,Contracts / Bids,2017,2016 23 42.pdf,priority category; infrastructure/money keyword; financial/project keyword; document/PDF,1,1,application/pdf,http://www.copperascovetx.gov/files/finance/bid_requests/2016-23-42/2016-23-42.pdf,https://web.archive.org/web/20170125022510/http://www.copperascovetx.gov/files/finance/bid_requests/2016-23-42/2016-23-42.pdf,https://web.archive.org/web/*/http://www.copperascovetx.gov/files/finance/bid_requests/2016-23-42/2016-23-42.pdf
HIGH,9,Contracts / Bids,2017,2017 01 70.pdf,priority category; infrastructure/money keyword; financial/project keyword; document/PDF,1,1,application/pdf,http://www.copperascovetx.gov/files/finance/bid_requests/2017-01-70/2017-01-70.pdf,https://web.archive.org/web/20170131125615/http://www.copperascovetx.gov/files/finance/bid_requests/2017-01-70/2017-01-70.pdf,https://web.archive.org/web/*/http://www.copperascovetx.gov/files/finance/bid_requests/2017-01-70/2017-01-70.pdf
HIGH,9,Contracts / Bids,2017,2017 40 82.pdf,priority category; infrastructure/money keyword; financial/project keyword; document/PDF,1,1,application/pdf,http://www.copperascovetx.gov/files/finance/bid_requests/2017-40-82/2017-40-82.pdf,https://web.archive.org/web/20170125023018/http://www.copperascovetx.gov/files/finance/bid_requests/2017-40-82/2017-40-82.pdf,https://web.archive.org/web/*/http://www.copperascovetx.gov/files/finance/bid_requests/2017-40-82/2017-40-82.pdf
HIGH,9,Contracts / Bids,2017,Addendum 1.pdf,priority category; infrastructure/money keyword; financial/project keyword; document/PDF,1,1,application/pdf,http://www.copperascovetx.gov/files/finance/bid_requests/2016-08-82/Addendum_1.pdf,https://web.archive.org/web/20170125014326/http://www.copperascovetx.gov/files/finance/bid_requests/2016-08-82/Addendum_1.pdf,https://web.archive.org/web/*/http://www.copperascovetx.gov/files/finance/bid_requests/2016-08-82/Addendum_1.pdf
HIGH,9,Contracts / Bids,2017,Addendum 2.pdf,priority category; infrastructure/money keyword; financial/project keyword; document/PDF,1,1,application/pdf,http://www.copperascovetx.gov/files/finance/bid_requests/2016-08-82/Addendum_2.pdf,https://web.archive.org/web/20170131122804/http://www.copperascovetx.gov/files/finance/bid_requests/2016-08-82/Addendum_2.pdf,https://web.archive.org/web/*/http://www.copperascovetx.gov/files/finance/bid_requests/2016-08-82/Addendum_2.pdf
HIGH,9,Contracts / Bids,2017,"BID 2016 08 82 Mtn Top North 300,000 Gal EST Bid Documents.pdf",priority category; infrastructure/money keyword; financial/project keyword; document/PDF,1,1,application/pdf,"http://www.copperascovetx.gov/files/finance/bid_requests/2016-08-82/BID%202016-08-82%20Mtn%20Top%20North%20300,000%20Gal%20EST%20-%20Bid%20Documents.pdf","https://web.archive.org/web/20170125231102/http://www.copperascovetx.gov/files/finance/bid_requests/2016-08-82/BID%202016-08-82%20Mtn%20Top%20North%20300,000%20Gal%20EST%20-%20Bid%20Documents.pdf","https://web.archive.org/web/*/http://www.copperascovetx.gov/files/finance/bid_requests/2016-08-82/BID%202016-08-82%20Mtn%20Top%20North%20300,000%20Gal%20EST%20-%20Bid%20Documents.pdf"
HIGH,9,Contracts / Bids,2017,addendum 1.pdf,priority category; infrastructure/money keyword; financial/project keyword; document/PDF,1,1,application/pdf,http://www.copperascovetx.gov/files/finance/bid_requests/2016-15-34/addendum_1.pdf,https://web.archive.org/web/20170125020428/http://www.copperascovetx.gov/files/finance/bid_requests/2016-15-34/addendum_1.pdf,https://web.archive.org/web/*/http://www.copperascovetx.gov/files/finance/bid_requests/2016-15-34/addendum_1.pdf
HIGH,9,Contracts / Bids,2017,addendum 1.pdf,priority category; infrastructure/money keyword; financial/project keyword; document/PDF,1,1,application/pdf,http://www.copperascovetx.gov/files/finance/bid_requests/2016-17-34/addendum-1.pdf,https://web.archive.org/web/20170131123910/http://www.copperascovetx.gov/files/finance/bid_requests/2016-17-34/addendum-1.pdf,https://web.archive.org/web/*/http://www.copperascovetx.gov/files/finance/bid_requests/2016-17-34/addendum-1.pdf
HIGH,9,Contracts / Bids,2017,addendum.pdf,priority category; infrastructure/money keyword; financial/project keyword; document/PDF,1,1,application/pdf,http://www.copperascovetx.gov/files/finance/bid_requests/2016-14-32/addendum.pdf,https://web.archive.org/web/20170131093521/http://www.copperascovetx.gov/files/finance/bid_requests/2016-14-32/addendum.pdf,https://web.archive.org/web/*/http://www.copperascovetx.gov/files/finance/bid_requests/2016-14-32/addendum.pdf
HIGH,9,Contracts / Bids,2017,addendum1.pdf,priority category; infrastructure/money keyword; financial/project keyword; document/PDF,1,1,application/pdf,http://www.copperascovetx.gov/files/finance/bid_requests/2016-15-35/addendum1.pdf,https://web.archive.org/web/20170131105631/http://www.copperascovetx.gov/files/finance/bid_requests/2016-15-35/addendum1.pdf,https://web.archive.org/web/*/http://www.copperascovetx.gov/files/finance/bid_requests/2016-15-35/addendum1.pdf
HIGH,9,Contracts / Bids,2017,addendum3.pdf,priority category; infrastructure/money keyword; financial/project keyword; document/PDF,1,1,application/pdf,http://www.copperascovetx.gov/files/finance/bid_requests/2016-19-54/addendum3.pdf,https://web.archive.org/web/20170131110201/http://www.copperascovetx.gov/files/finance/bid_requests/2016-19-54/addendum3.pdf,https://web.archive.org/web/*/http://www.copperascovetx.gov/files/finance/bid_requests/2016-19-54/addendum3.pdf
HIGH,9,Contracts / Bids,2020,00100 Advertisement For Bids Sent to Paper.pdf,priority category; infrastructure/money keyword; financial/project keyword; document/PDF,2,1,application/pdf,https://www.copperascovetx.gov/files/finance/bid_requests/2020-60-82/00100%20Advertisement%20For%20Bids-Sent%20to%20Paper.pdf,https://web.archive.org/web/20201027041620/https://www.copperascovetx.gov/files/finance/bid_requests/2020-60-82/00100%20Advertisement%20For%20Bids-Sent%20to%20Paper.pdf,https://web.archive.org/web/*/https://www.copperascovetx.gov/files/finance/bid_requests/2020-60-82/00100%20Advertisement%20For%20Bids-Sent%20to%20Paper.pdf
HIGH,9,Contracts / Bids,2020,04 Advertisement for Bids PW 2020 56 84.pdf,priority category; infrastructure/money keyword; financial/project keyword; document/PDF,1,1,application/pdf,http://www.copperascovetx.gov:80/files/finance/bid_requests/2020-56-84/04-Advertisement%20for%20Bids-PW%202020-56-84.pdf,https://web.archive.org/web/20200605122546/http://www.copperascovetx.gov:80/files/finance/bid_requests/2020-56-84/04-Advertisement%20for%20Bids-PW%202020-56-84.pdf,https://web.archive.org/web/*/http://www.copperascovetx.gov:80/files/finance/bid_requests/2020-56-84/04-Advertisement%20for%20Bids-PW%202020-56-84.pdf
HIGH,9,Contracts / Bids,2020,04 Advertisement for Bids PW 2020 56 84.pdf,priority category; infrastructure/money keyword; financial/project keyword; document/PDF,1,1,application/pdf,https://www.copperascovetx.gov/files/finance/bid_requests/2020-56-84/04-Advertisement%20for%20Bids-PW%202020-56-84.pdf,https://web.archive.org/web/20201027031432/https://www.copperascovetx.gov/files/finance/bid_requests/2020-56-84/04-Advertisement%20for%20Bids-PW%202020-56-84.pdf,https://web.archive.org/web/*/https://www.copperascovetx.gov/files/finance/bid_requests/2020-56-84/04-Advertisement%20for%20Bids-PW%202020-56-84.pdf
HIGH,9,Contracts / Bids,2020,04 Advertisement for Bids St Maint Slurry Seal Coating.pdf,priority category; infrastructure/money keyword; financial/project keyword; document/PDF,1,1,application/pdf,http://www.copperascovetx.gov:80/files/finance/bid_requests/2020-54-53/04%20-%20Advertisement%20for%20Bids%20St%20Maint%20Slurry%20Seal%20Coating.pdf,https://web.archive.org/web/20200605122511/http://www.copperascovetx.gov:80/files/finance/bid_requests/2020-54-53/04%20-%20Advertisement%20for%20Bids%20St%20Maint%20Slurry%20Seal%20Coating.pdf,https://web.archive.org/web/*/http://www.copperascovetx.gov:80/files/finance/bid_requests/2020-54-53/04%20-%20Advertisement%20for%20Bids%20St%20Maint%20Slurry%20Seal%20Coating.pdf
HIGH,9,Contracts / Bids,2020,04 Advertisement for Bids St Maint Slurry Seal Coating.pdf,priority category; infrastructure/money keyword; financial/project keyword; document/PDF,1,1,application/pdf,https://www.copperascovetx.gov/files/finance/bid_requests/2020-54-53/04%20-%20Advertisement%20for%20Bids%20St%20Maint%20Slurry%20Seal%20Coating.pdf,https://web.archive.org/web/20201019154401/https://www.copperascovetx.gov/files/finance/bid_requests/2020-54-53/04%20-%20Advertisement%20for%20Bids%20St%20Maint%20Slurry%20Seal%20Coating.pdf,https://web.archive.org/web/*/https://www.copperascovetx.gov/files/finance/bid_requests/2020-54-53/04%20-%20Advertisement%20for%20Bids%20St%20Maint%20Slurry%20Seal%20Coating.pdf
HIGH,9,Contracts / Bids,2020,2020 05 07 Meeting Minutes Pre Bid Conference Agenda CC The Narrows Sidewalks.pdf,priority category; infrastructure/money keyword; financial/project keyword; document/PDF,1,1,application/pdf,http://www.copperascovetx.gov:80/files/finance/bid_requests/2020-16-61/2020-05-07%20Meeting%20Minutes%20Pre-Bid%20Conference%20Agenda%20-%20CC%20The%20Narrows%20Sidewalks.pdf,https://web.archive.org/web/20200605122425/http://www.copperascovetx.gov:80/files/finance/bid_requests/2020-16-61/2020-05-07%20Meeting%20Minutes%20Pre-Bid%20Conference%20Agenda%20-%20CC%20The%20Narrows%20Sidewalks.pdf,https://web.archive.org/web/*/http://www.copperascovetx.gov:80/files/finance/bid_requests/2020-16-61/2020-05-07%20Meeting%20Minutes%20Pre-Bid%20Conference%20Agenda%20-%20CC%20The%20Narrows%20Sidewalks.pdf
HIGH,9,Contracts / Bids,2020,2020 05 07 Meeting Minutes Pre Bid Conference Agenda CC The Narrows Sidewalks.pdf,priority category; infrastructure/money keyword; financial/project keyword; document/PDF,2,1,application/pdf,https://www.copperascovetx.gov/files/finance/bid_requests/2020-16-61/2020-05-07%20Meeting%20Minutes%20Pre-Bid%20Conference%20Agenda%20-%20CC%20The%20Narrows%20Sidewalks.pdf,https://web.archive.org/web/20201027024547/https://www.copperascovetx.gov/files/finance/bid_requests/2020-16-61/2020-05-07%20Meeting%20Minutes%20Pre-Bid%20Conference%20Agenda%20-%20CC%20The%20Narrows%20Sidewalks.pdf,https://web.archive.org/web/*/https://www.copperascovetx.gov/files/finance/bid_requests/2020-16-61/2020-05-07%20Meeting%20Minutes%20Pre-Bid%20Conference%20Agenda%20-%20CC%20The%20Narrows%20Sidewalks.pdf
HIGH,9,Contracts / Bids,2020,ADDENDUM NO. 1.pdf,priority category; infrastructure/money keyword; financial/project keyword; document/PDF,1,1,application/pdf,http://www.copperascovetx.gov:80/files/finance/bid_requests/2020-01-61/ADDENDUM%20NO.%201.pdf,https://web.archive.org/web/20200605095913/http://www.copperascovetx.gov:80/files/finance/bid_requests/2020-01-61/ADDENDUM%20NO.%201.pdf,https://web.archive.org/web/*/http://www.copperascovetx.gov:80/files/finance/bid_requests/2020-01-61/ADDENDUM%20NO.%201.pdf
HIGH,9,Contracts / Bids,2020,ADDENDUM NO. 1.pdf,priority category; infrastructure/money keyword; financial/project keyword; document/PDF,1,1,application/pdf,http://www.copperascovetx.gov:80/files/finance/bid_requests/2020-16-61/ADDENDUM%20NO.%201.pdf,https://web.archive.org/web/20200605122431/http://www.copperascovetx.gov:80/files/finance/bid_requests/2020-16-61/ADDENDUM%20NO.%201.pdf,https://web.archive.org/web/*/http://www.copperascovetx.gov:80/files/finance/bid_requests/2020-16-61/ADDENDUM%20NO.%201.pdf
HIGH,9,Contracts / Bids,2020,ADDENDUM NO. 1.pdf,priority category; infrastructure/money keyword; financial/project keyword; document/PDF,2,1,application/pdf,https://www.copperascovetx.gov/files/finance/bid_requests/2020-16-61/ADDENDUM%20NO.%201.pdf,https://web.archive.org/web/20201019161015/https://www.copperascovetx.gov/files/finance/bid_requests/2020-16-61/ADDENDUM%20NO.%201.pdf,https://web.archive.org/web/*/https://www.copperascovetx.gov/files/finance/bid_requests/2020-16-61/ADDENDUM%20NO.%201.pdf
HIGH,9,Contracts / Bids,2020,ADDENDUM NO. 1.pdf,priority category; infrastructure/money keyword; financial/project keyword; document/PDF,1,1,application/pdf,http://www.copperascovetx.gov:80/files/finance/bid_requests/2020-55-92/ADDENDUM%20NO.%201.pdf,https://web.archive.org/web/20200605122520/http://www.copperascovetx.gov:80/files/finance/bid_requests/2020-55-92/ADDENDUM%20NO.%201.pdf,https://web.archive.org/web/*/http://www.copperascovetx.gov:80/files/finance/bid_requests/2020-55-92/ADDENDUM%20NO.%201.pdf
HIGH,9,Contracts / Bids,2020,ADDENDUM NO. 2.pdf,priority category; infrastructure/money keyword; financial/project keyword; document/PDF,1,1,application/pdf,http://www.copperascovetx.gov:80/files/finance/bid_requests/2020-01-61/ADDENDUM%20NO.%202.pdf,https://web.archive.org/web/20200605100746/http://www.copperascovetx.gov:80/files/finance/bid_requests/2020-01-61/ADDENDUM%20NO.%202.pdf,https://web.archive.org/web/*/http://www.copperascovetx.gov:80/files/finance/bid_requests/2020-01-61/ADDENDUM%20NO.%202.pdf
HIGH,9,Contracts / Bids,2020,ADDENDUM NO. 2.pdf,priority category; infrastructure/money keyword; financial/project keyword; document/PDF,1,1,application/pdf,http://www.copperascovetx.gov:80/files/finance/bid_requests/2020-16-61/ADDENDUM%20NO.%202.pdf,https://web.archive.org/web/20200605122438/http://www.copperascovetx.gov:80/files/finance/bid_requests/2020-16-61/ADDENDUM%20NO.%202.pdf,https://web.archive.org/web/*/http://www.copperascovetx.gov:80/files/finance/bid_requests/2020-16-61/ADDENDUM%20NO.%202.pdf
HIGH,9,Contracts / Bids,2020,ADDENDUM NO. 2.pdf,priority category; infrastructure/money keyword; financial/project keyword; document/PDF,2,1,application/pdf,https://www.copperascovetx.gov/files/finance/bid_requests/2020-16-61/ADDENDUM%20NO.%202.pdf,https://web.archive.org/web/20201019151749/https://www.copperascovetx.gov/files/finance/bid_requests/2020-16-61/ADDENDUM%20NO.%202.pdf,https://web.archive.org/web/*/https://www.copperascovetx.gov/files/finance/bid_requests/2020-16-61/ADDENDUM%20NO.%202.pdf
HIGH,9,Contracts / Bids,2020,ADDENDUM NO. 2.pdf,priority category; infrastructure/money keyword; financial/project keyword; document/PDF,1,1,application/pdf,http://www.copperascovetx.gov:80/files/finance/bid_requests/2020-55-92/ADDENDUM%20NO.%202.pdf,https://web.archive.org/web/20200605122529/http://www.copperascovetx.gov:80/files/finance/bid_requests/2020-55-92/ADDENDUM%20NO.%202.pdf,https://web.archive.org/web/*/http://www.copperascovetx.gov:80/files/finance/bid_requests/2020-55-92/ADDENDUM%20NO.%202.pdf
HIGH,9,Contracts / Bids,2020,Addendum 01.pdf,priority category; infrastructure/money keyword; financial/project keyword; document/PDF,1,1,application/pdf,https://www.copperascovetx.gov/files/finance/bid_requests/2020-54-53/Addendum%2001.pdf,https://web.archive.org/web/20201019150717/https://www.copperascovetx.gov/files/finance/bid_requests/2020-54-53/Addendum%2001.pdf,https://web.archive.org/web/*/https://www.copperascovetx.gov/files/finance/bid_requests/2020-54-53/Addendum%2001.pdf
HIGH,9,Contracts / Bids,2020,Addendum 01.pdf,priority category; infrastructure/money keyword; financial/project keyword; document/PDF,1,1,application/pdf,https://www.copperascovetx.gov/files/finance/bid_requests/2020-56-84/Addendum%2001.pdf,https://web.archive.org/web/20201027035900/https://www.copperascovetx.gov/files/finance/bid_requests/2020-56-84/Addendum%2001.pdf,https://web.archive.org/web/*/https://www.copperascovetx.gov/files/finance/bid_requests/2020-56-84/Addendum%2001.pdf
HIGH,9,Contracts / Bids,2020,Addendum 02.pdf,priority category; infrastructure/money keyword; financial/project keyword; document/PDF,1,1,application/pdf,https://www.copperascovetx.gov/files/finance/bid_requests/2020-56-84/Addendum%2002.pdf,https://web.archive.org/web/20201019150330/https://www.copperascovetx.gov/files/finance/bid_requests/2020-56-84/Addendum%2002.pdf,https://web.archive.org/web/*/https://www.copperascovetx.gov/files/finance/bid_requests/2020-56-84/Addendum%2002.pdf
HIGH,9,Contracts / Bids,2020,Addendum 1.pdf,priority category; infrastructure/money keyword; financial/project keyword; document/PDF,2,1,application/pdf,https://www.copperascovetx.gov/files/finance/bid_requests/2020-14-54/Addendum%201.pdf,https://web.archive.org/web/20201027030404/https://www.copperascovetx.gov/files/finance/bid_requests/2020-14-54/Addendum%201.pdf,https://web.archive.org/web/*/https://www.copperascovetx.gov/files/finance/bid_requests/2020-14-54/Addendum%201.pdf
HIGH,9,Contracts / Bids,2020,Addendum No. 01.pdf,priority category; infrastructure/money keyword; financial/project keyword; document/PDF,2,1,application/pdf,https://www.copperascovetx.gov/files/finance/bid_requests/2020-15-75/Addendum%20No.%2001.pdf,https://web.archive.org/web/20201027033900/https://www.copperascovetx.gov/files/finance/bid_requests/2020-15-75/Addendum%20No.%2001.pdf,https://web.archive.org/web/*/https://www.copperascovetx.gov/files/finance/bid_requests/2020-15-75/Addendum%20No.%2001.pdf
HIGH,9,Contracts / Bids,2020,Addendum No. 01.pdf,priority category; infrastructure/money keyword; financial/project keyword; document/PDF,2,1,application/pdf,https://www.copperascovetx.gov/files/finance/bid_requests/2020-17-81/Addendum%20No.%2001.pdf,https://web.archive.org/web/20201019155410/https://www.copperascovetx.gov/files/finance/bid_requests/2020-17-81/Addendum%20No.%2001.pdf,https://web.archive.org/web/*/https://www.copperascovetx.gov/files/finance/bid_requests/2020-17-81/Addendum%20No.%2001.pdf
HIGH,9,Contracts / Bids,2020,Addendum No. 02.pdf,priority category; infrastructure/money keyword; financial/project keyword; document/PDF,1,1,application/pdf,https://www.copperascovetx.gov/files/finance/bid_requests/2020-15-75/Addendum%20No.%2002.pdf,https://web.archive.org/web/20201018201859/https://www.copperascovetx.gov/files/finance/bid_requests/2020-15-75/Addendum%20No.%2002.pdf,https://web.archive.org/web/*/https://www.copperascovetx.gov/files/finance/bid_requests/2020-15-75/Addendum%20No.%2002.pdf
HIGH,9,Contracts / Bids,2020,Addendum No. 02.pdf,priority category; infrastructure/money keyword; financial/project keyword; document/PDF,2,1,application/pdf,https://www.copperascovetx.gov/files/finance/bid_requests/2020-17-81/Addendum%20No.%2002.pdf,https://web.archive.org/web/20201027023727/https://www.copperascovetx.gov/files/finance/bid_requests/2020-17-81/Addendum%20No.%2002.pdf,https://web.archive.org/web/*/https://www.copperascovetx.gov/files/finance/bid_requests/2020-17-81/Addendum%20No.%2002.pdf
HIGH,9,Contracts / Bids,2020,Addendum No. 03.pdf,priority category; infrastructure/money keyword; financial/project keyword; document/PDF,2,1,application/pdf,https://www.copperascovetx.gov/files/finance/bid_requests/2020-17-81/Addendum%20No.%2003.pdf,https://web.archive.org/web/20201027031515/https://www.copperascovetx.gov/files/finance/bid_requests/2020-17-81/Addendum%20No.%2003.pdf,https://web.archive.org/web/*/https://www.copperascovetx.gov/files/finance/bid_requests/2020-17-81/Addendum%20No.%2003.pdf
HIGH,9,Contracts / Bids,2020,Addendum No. 04.pdf,priority category; infrastructure/money keyword; financial/project keyword; document/PDF,2,1,application/pdf,https://www.copperascovetx.gov/files/finance/bid_requests/2020-17-81/Addendum%20No.%2004.pdf,https://web.archive.org/web/20201019160827/https://www.copperascovetx.gov/files/finance/bid_requests/2020-17-81/Addendum%20No.%2004.pdf,https://web.archive.org/web/*/https://www.copperascovetx.gov/files/finance/bid_requests/2020-17-81/Addendum%20No.%2004.pdf
HIGH,9,Contracts / Bids,2020,Addendum No. 05.pdf,priority category; infrastructure/money keyword; financial/project keyword; document/PDF,2,1,application/pdf,https://www.copperascovetx.gov/files/finance/bid_requests/2020-17-81/Addendum%20No.%2005.pdf,https://web.archive.org/web/20201019151218/https://www.copperascovetx.gov/files/finance/bid_requests/2020-17-81/Addendum%20No.%2005.pdf,https://web.archive.org/web/*/https://www.copperascovetx.gov/files/finance/bid_requests/2020-17-81/Addendum%20No.%2005.pdf
HIGH,9,Contracts / Bids,2020,Addendum No. 07.pdf,priority category; infrastructure/money keyword; financial/project keyword; document/PDF,2,1,application/pdf,https://www.copperascovetx.gov/files/finance/bid_requests/2020-17-81/Addendum%20No.%2007.pdf,https://web.archive.org/web/20201027041425/https://www.copperascovetx.gov/files/finance/bid_requests/2020-17-81/Addendum%20No.%2007.pdf,https://web.archive.org/web/*/https://www.copperascovetx.gov/files/finance/bid_requests/2020-17-81/Addendum%20No.%2007.pdf
HIGH,9,Contracts / Bids,2020,Addendum No. 08.pdf,priority category; infrastructure/money keyword; financial/project keyword; document/PDF,2,1,application/pdf,https://www.copperascovetx.gov/files/finance/bid_requests/2020-17-81/Addendum%20No.%2008.pdf,https://web.archive.org/web/20201019152458/https://www.copperascovetx.gov/files/finance/bid_requests/2020-17-81/Addendum%20No.%2008.pdf,https://web.archive.org/web/*/https://www.copperascovetx.gov/files/finance/bid_requests/2020-17-81/Addendum%20No.%2008.pdf
HIGH,9,Contracts / Bids,2020,Addendum No. 09.pdf,priority category; infrastructure/money keyword; financial/project keyword; document/PDF,2,1,application/pdf,https://www.copperascovetx.gov/files/finance/bid_requests/2020-17-81/Addendum%20No.%2009.pdf,https://web.archive.org/web/20201019160114/https://www.copperascovetx.gov/files/finance/bid_requests/2020-17-81/Addendum%20No.%2009.pdf,https://web.archive.org/web/*/https://www.copperascovetx.gov/files/finance/bid_requests/2020-17-81/Addendum%20No.%2009.pdf
HIGH,9,Contracts / Bids,2020,Addendum No. 1.pdf,priority category; infrastructure/money keyword; financial/project keyword; document/PDF,1,1,application/pdf,http://www.copperascovetx.gov:80/files/finance/bid_requests/2019-10-54/Addendum%20No.%201.pdf,https://web.archive.org/web/20200605095459/http://www.copperascovetx.gov:80/files/finance/bid_requests/2019-10-54/Addendum%20No.%201.pdf,https://web.archive.org/web/*/http://www.copperascovetx.gov:80/files/finance/bid_requests/2019-10-54/Addendum%20No.%201.pdf
HIGH,9,Contracts / Bids,2020,Addendum No. 1.pdf,priority category; infrastructure/money keyword; financial/project keyword; document/PDF,1,1,application/pdf,https://www.copperascovetx.gov/files/finance/bid_requests/2019-10-54/Addendum%20No.%201.pdf,https://web.archive.org/web/20201019162513/https://www.copperascovetx.gov/files/finance/bid_requests/2019-10-54/Addendum%20No.%201.pdf,https://web.archive.org/web/*/https://www.copperascovetx.gov/files/finance/bid_requests/2019-10-54/Addendum%20No.%201.pdf
HIGH,9,Contracts / Bids,2020,Addendum No. 1.pdf,priority category; infrastructure/money keyword; financial/project keyword; document/PDF,2,1,application/pdf,https://www.copperascovetx.gov/files/finance/bid_requests/2020-52-82/Addendum%20No.%201.pdf,https://web.archive.org/web/20201027031752/https://www.copperascovetx.gov/files/finance/bid_requests/2020-52-82/Addendum%20No.%201.pdf,https://web.archive.org/web/*/https://www.copperascovetx.gov/files/finance/bid_requests/2020-52-82/Addendum%20No.%201.pdf
HIGH,9,Contracts / Bids,2020,Addendum No. 1.pdf,priority category; infrastructure/money keyword; financial/project keyword; document/PDF,2,1,application/pdf,https://www.copperascovetx.gov/files/finance/bid_requests/2020-58-82/Addendum%20No.%201.pdf,https://web.archive.org/web/20201027025623/https://www.copperascovetx.gov/files/finance/bid_requests/2020-58-82/Addendum%20No.%201.pdf,https://web.archive.org/web/*/https://www.copperascovetx.gov/files/finance/bid_requests/2020-58-82/Addendum%20No.%201.pdf
HIGH,9,Contracts / Bids,2020,Addendum No. 10.pdf,priority category; infrastructure/money keyword; financial/project keyword; document/PDF,2,1,application/pdf,https://www.copperascovetx.gov/files/finance/bid_requests/2020-17-81/Addendum%20No.%2010.pdf,https://web.archive.org/web/20201019155848/https://www.copperascovetx.gov/files/finance/bid_requests/2020-17-81/Addendum%20No.%2010.pdf,https://web.archive.org/web/*/https://www.copperascovetx.gov/files/finance/bid_requests/2020-17-81/Addendum%20No.%2010.pdf
HIGH,9,Contracts / Bids,2020,Addendum No. 11.pdf,priority category; infrastructure/money keyword; financial/project keyword; document/PDF,2,1,application/pdf,https://www.copperascovetx.gov/files/finance/bid_requests/2020-17-81/Addendum%20No.%2011.pdf,https://web.archive.org/web/20201019150859/https://www.copperascovetx.gov/files/finance/bid_requests/2020-17-81/Addendum%20No.%2011.pdf,https://web.archive.org/web/*/https://www.copperascovetx.gov/files/finance/bid_requests/2020-17-81/Addendum%20No.%2011.pdf
HIGH,9,Contracts / Bids,2020,Addendum No. 2.pdf,priority category; infrastructure/money keyword; financial/project keyword; document/PDF,1,1,application/pdf,http://www.copperascovetx.gov:80/files/finance/bid_requests/2019-10-54/Addendum%20No.%202.pdf,https://web.archive.org/web/20200605095506/http://www.copperascovetx.gov:80/files/finance/bid_requests/2019-10-54/Addendum%20No.%202.pdf,https://web.archive.org/web/*/http://www.copperascovetx.gov:80/files/finance/bid_requests/2019-10-54/Addendum%20No.%202.pdf
HIGH,9,Contracts / Bids,2020,Advertisement for Bids.pdf,priority category; infrastructure/money keyword; financial/project keyword; document/PDF,1,1,application/pdf,http://www.copperascovetx.gov:80/files/finance/bid_requests/2020-55-92/Advertisement%20for%20Bids.pdf,https://web.archive.org/web/20200605122536/http://www.copperascovetx.gov:80/files/finance/bid_requests/2020-55-92/Advertisement%20for%20Bids.pdf,https://web.archive.org/web/*/http://www.copperascovetx.gov:80/files/finance/bid_requests/2020-55-92/Advertisement%20for%20Bids.pdf
HIGH,9,Contracts / Bids,2020,Advertisement for Bids.pdf,priority category; infrastructure/money keyword; financial/project keyword; document/PDF,2,1,application/pdf,https://www.copperascovetx.gov/files/finance/bid_requests/2020-57-82/Advertisement%20for%20Bids.pdf,https://web.archive.org/web/20201027033951/https://www.copperascovetx.gov/files/finance/bid_requests/2020-57-82/Advertisement%20for%20Bids.pdf,https://web.archive.org/web/*/https://www.copperascovetx.gov/files/finance/bid_requests/2020-57-82/Advertisement%20for%20Bids.pdf
HIGH,9,Contracts / Bids,2020,Advertisement for Bids.pdf,priority category; infrastructure/money keyword; financial/project keyword; document/PDF,2,1,application/pdf,https://www.copperascovetx.gov/files/finance/bid_requests/2020-61-53/Advertisement%20for%20Bids.pdf,https://web.archive.org/web/20201019152606/https://www.copperascovetx.gov/files/finance/bid_requests/2020-61-53/Advertisement%20for%20Bids.pdf,https://web.archive.org/web/*/https://www.copperascovetx.gov/files/finance/bid_requests/2020-61-53/Advertisement%20for%20Bids.pdf
HIGH,9,Contracts / Bids,2020,BID 2019 10.54.pdf,priority category; infrastructure/money keyword; financial/project keyword; document/PDF,1,1,application/pdf,http://www.copperascovetx.gov:80/files/finance/bid_requests/2019-10-54/BID%202019-10.54.pdf,https://web.archive.org/web/20200605095528/http://www.copperascovetx.gov:80/files/finance/bid_requests/2019-10-54/BID%202019-10.54.pdf,https://web.archive.org/web/*/http://www.copperascovetx.gov:80/files/finance/bid_requests/2019-10-54/BID%202019-10.54.pdf
HIGH,9,Contracts / Bids,2020,CC The Narrows Invitation to Bid.pdf,priority category; infrastructure/money keyword; financial/project keyword; document/PDF,1,1,application/pdf,http://www.copperascovetx.gov:80/files/finance/bid_requests/2020-16-61/CC%20The%20Narrows%20Invitation%20to%20Bid.pdf,https://web.archive.org/web/20200605122445/http://www.copperascovetx.gov:80/files/finance/bid_requests/2020-16-61/CC%20The%20Narrows%20Invitation%20to%20Bid.pdf,https://web.archive.org/web/*/http://www.copperascovetx.gov:80/files/finance/bid_requests/2020-16-61/CC%20The%20Narrows%20Invitation%20to%20Bid.pdf
HIGH,9,Contracts / Bids,2020,CC The Narrows Invitation to Bid.pdf,priority category; infrastructure/money keyword; financial/project keyword; document/PDF,2,1,application/pdf,https://www.copperascovetx.gov/files/finance/bid_requests/2020-16-61/CC%20The%20Narrows%20Invitation%20to%20Bid.pdf,https://web.archive.org/web/20201027032731/https://www.copperascovetx.gov/files/finance/bid_requests/2020-16-61/CC%20The%20Narrows%20Invitation%20to%20Bid.pdf,https://web.archive.org/web/*/https://www.copperascovetx.gov/files/finance/bid_requests/2020-16-61/CC%20The%20Narrows%20Invitation%20to%20Bid.pdf
HIGH,9,Contracts / Bids,2020,COCC City Hall Roof Rehab Project.pdf,priority category; infrastructure/money keyword; financial/project keyword; document/PDF,2,1,application/pdf,https://www.copperascovetx.gov/files/finance/bid_requests/2020-15-75/COCC%20City%20Hall%20Roof%20Rehab%20Project.pdf,https://web.archive.org/web/20201019161635/https://www.copperascovetx.gov/files/finance/bid_requests/2020-15-75/COCC%20City%20Hall%20Roof%20Rehab%20Project.pdf,https://web.archive.org/web/*/https://www.copperascovetx.gov/files/finance/bid_requests/2020-15-75/COCC%20City%20Hall%20Roof%20Rehab%20Project.pdf
HIGH,9,Contracts / Bids,2020,City 3x11 Bid no 17 81.pdf,priority category; infrastructure/money keyword; financial/project keyword; document/PDF,2,1,application/pdf,https://www.copperascovetx.gov/files/finance/bid_requests/2020-17-81/City%203x11%20Bid%20no%2017-81.pdf,https://web.archive.org/web/20201027031657/https://www.copperascovetx.gov/files/finance/bid_requests/2020-17-81/City%203x11%20Bid%20no%2017-81.pdf,https://web.archive.org/web/*/https://www.copperascovetx.gov/files/finance/bid_requests/2020-17-81/City%203x11%20Bid%20no%2017-81.pdf
HIGH,9,Contracts / Bids,2020,Copperas Cove Park Improvements Ph 2 Restrooms 2019 10 17.pdf,priority category; infrastructure/money keyword; financial/project keyword; document/PDF,1,1,application/pdf,http://www.copperascovetx.gov:80/files/finance/bid_requests/2019-10-54/Copperas%20Cove%20Park%20Improvements%20Ph%202%20Restrooms%202019-10-17.pdf,https://web.archive.org/web/20200605095848/http://www.copperascovetx.gov:80/files/finance/bid_requests/2019-10-54/Copperas%20Cove%20Park%20Improvements%20Ph%202%20Restrooms%202019-10-17.pdf,https://web.archive.org/web/*/http://www.copperascovetx.gov:80/files/finance/bid_requests/2019-10-54/Copperas%20Cove%20Park%20Improvements%20Ph%202%20Restrooms%202019-10-17.pdf
HIGH,9,Contracts / Bids,2020,PW 2020 58 82 S Meadows WL Imp Project.pdf,priority category; infrastructure/money keyword; financial/project keyword; document/PDF,2,1,application/pdf,https://www.copperascovetx.gov/files/finance/bid_requests/2020-58-82/PW%202020-58-82-S%20Meadows%20WL%20Imp%20Project.pdf,https://web.archive.org/web/20201027040308/https://www.copperascovetx.gov/files/finance/bid_requests/2020-58-82/PW%202020-58-82-S%20Meadows%20WL%20Imp%20Project.pdf,https://web.archive.org/web/*/https://www.copperascovetx.gov/files/finance/bid_requests/2020-58-82/PW%202020-58-82-S%20Meadows%20WL%20Imp%20Project.pdf
HIGH,9,Contracts / Bids,2020,PW 2020 59 53 St Maint HMAC Mill and Overlay.pdf,priority category; infrastructure/money keyword; financial/project keyword; document/PDF,1,1,application/pdf,https://www.copperascovetx.gov/files/finance/bid_requests/2020-59-53/PW%202020-59-53%20St%20Maint%20HMAC%20Mill%20and%20Overlay.pdf,https://web.archive.org/web/20201019152957/https://www.copperascovetx.gov/files/finance/bid_requests/2020-59-53/PW%202020-59-53%20St%20Maint%20HMAC%20Mill%20and%20Overlay.pdf,https://web.archive.org/web/*/https://www.copperascovetx.gov/files/finance/bid_requests/2020-59-53/PW%202020-59-53%20St%20Maint%20HMAC%20Mill%20and%20Overlay.pdf
HIGH,9,Contracts / Bids,2020,RFP 2020 18 54 Parks Sports Officiating Services.pdf,priority category; infrastructure/money keyword; financial/project keyword; document/PDF,2,1,application/pdf,https://www.copperascovetx.gov/files/finance/bid_requests/2020-18-54/RFP%202020-18-54%20Parks%20Sports%20Officiating%20Services.pdf,https://web.archive.org/web/20201027025447/https://www.copperascovetx.gov/files/finance/bid_requests/2020-18-54/RFP%202020-18-54%20Parks%20Sports%20Officiating%20Services.pdf,https://web.archive.org/web/*/https://www.copperascovetx.gov/files/finance/bid_requests/2020-18-54/RFP%202020-18-54%20Parks%20Sports%20Officiating%20Services.pdf
HIGH,9,Contracts / Bids,2020,RFQ 2020 14 54.pdf,priority category; infrastructure/money keyword; financial/project keyword; document/PDF,2,1,application/pdf,https://www.copperascovetx.gov/files/finance/bid_requests/2020-14-54/RFQ%202020-14-54.pdf,https://web.archive.org/web/20201027034417/https://www.copperascovetx.gov/files/finance/bid_requests/2020-14-54/RFQ%202020-14-54.pdf,https://web.archive.org/web/*/https://www.copperascovetx.gov/files/finance/bid_requests/2020-14-54/RFQ%202020-14-54.pdf
HIGH,9,Contracts / Bids,2022,Addendum1.pdf,priority category; infrastructure/money keyword; financial/project keyword; document/PDF,1,1,application/pdf,https://www.copperascovetx.gov/files/finance/bid_requests/2022-01-54/Addendum1.pdf,https://web.archive.org/web/20220321123217/https://www.copperascovetx.gov/files/finance/bid_requests/2022-01-54/Addendum1.pdf,https://web.archive.org/web/*/https://www.copperascovetx.gov/files/finance/bid_requests/2022-01-54/Addendum1.pdf
HIGH,9,Contracts / Bids,2022,Addendum1.pdf,priority category; infrastructure/money keyword; financial/project keyword; document/PDF,1,1,application/pdf,https://www.copperascovetx.gov/files/finance/bid_requests/2022-02-54/Addendum1.pdf,https://web.archive.org/web/20220321062429/https://www.copperascovetx.gov/files/finance/bid_requests/2022-02-54/Addendum1.pdf,https://web.archive.org/web/*/https://www.copperascovetx.gov/files/finance/bid_requests/2022-02-54/Addendum1.pdf
HIGH,9,Contracts / Bids,2022,addendum3.pdf,priority category; infrastructure/money keyword; financial/project keyword; document/PDF,1,1,application/pdf,https://www.copperascovetx.gov/files/finance/bid_requests/2021-08-44/addendum3.pdf,https://web.archive.org/web/20220321090700/https://www.copperascovetx.gov/files/finance/bid_requests/2021-08-44/addendum3.pdf,https://web.archive.org/web/*/https://www.copperascovetx.gov/files/finance/bid_requests/2021-08-44/addendum3.pdf
HIGH,9,Contracts / Bids,2022,addendum4.pdf,priority category; infrastructure/money keyword; financial/project keyword; document/PDF,1,1,application/pdf,https://www.copperascovetx.gov/files/finance/bid_requests/2021-03-92/addendum4.pdf,https://web.archive.org/web/20220321100718/https://www.copperascovetx.gov/files/finance/bid_requests/2021-03-92/addendum4.pdf,https://web.archive.org/web/*/https://www.copperascovetx.gov/files/finance/bid_requests/2021-03-92/addendum4.pdf
HIGH,9,Contracts / Bids,2024,ADDENDUM NO. 2.pdf,priority category; infrastructure/money keyword; financial/project keyword; document/PDF,3,1,application/pdf,https://www.copperascovetx.gov/files/finance/bid_requests/2020-01-61/ADDENDUM%20NO.%202.pdf,https://web.archive.org/web/20240730055741/https://www.copperascovetx.gov/files/finance/bid_requests/2020-01-61/ADDENDUM%20NO.%202.pdf,https://web.archive.org/web/*/https://www.copperascovetx.gov/files/finance/bid_requests/2020-01-61/ADDENDUM%20NO.%202.pdf
HIGH,9,Contracts / Bids,2024,Addendum No. 2.pdf,priority category; infrastructure/money keyword; financial/project keyword; document/PDF,2,1,application/pdf,https://www.copperascovetx.gov/files/finance/bid_requests/2019-10-54/Addendum%20No.%202.pdf,https://web.archive.org/web/20240719023323/https://www.copperascovetx.gov/files/finance/bid_requests/2019-10-54/Addendum%20No.%202.pdf,https://web.archive.org/web/*/https://www.copperascovetx.gov/files/finance/bid_requests/2019-10-54/Addendum%20No.%202.pdf
HIGH,9,Contracts / Bids,2025,2019 01 Fiscal Year 2018 2019 Budget Amendment PDF,priority category; infrastructure/money keyword; financial/project keyword; document/PDF,1,1,application/pdf,https://www.copperascovetx.gov/DocumentCenter/View/449/2019-01-Fiscal-Year-2018-2019-Budget-Amendment-PDF?bidId=,https://web.archive.org/web/20250929020205/https://www.copperascovetx.gov/DocumentCenter/View/449/2019-01-Fiscal-Year-2018-2019-Budget-Amendment-PDF?bidId=,https://web.archive.org/web/*/https://www.copperascovetx.gov/DocumentCenter/View/449/2019-01-Fiscal-Year-2018-2019-Budget-Amendment-PDF?bidId=
HIGH,9,Contracts / Bids,2025,2019 09 Purchase of CCN for 2033 FM 257 1302 acres PDF,priority category; infrastructure/money keyword; financial/project keyword; document/PDF,1,1,application/pdf,https://www.copperascovetx.gov/DocumentCenter/View/973/2019-09-Purchase-of-CCN-for-2033-FM-257-1302-acres-PDF,https://web.archive.org/web/20250930214729/https://www.copperascovetx.gov/DocumentCenter/View/973/2019-09-Purchase-of-CCN-for-2033-FM-257-1302-acres-PDF,https://web.archive.org/web/*/https://www.copperascovetx.gov/DocumentCenter/View/973/2019-09-Purchase-of-CCN-for-2033-FM-257-1302-acres-PDF
HIGH,9,Contracts / Bids,2025,2019 48 Amending the fees schedule for the COCC PDF,priority category; infrastructure/money keyword; financial/project keyword; document/PDF,1,1,application/pdf,https://www.copperascovetx.gov/DocumentCenter/View/492/2019-48-Amending-the-fees-schedule-for-the-COCC-PDF?bidId=,https://web.archive.org/web/20250925201648/https://www.copperascovetx.gov/DocumentCenter/View/492/2019-48-Amending-the-fees-schedule-for-the-COCC-PDF?bidId=,https://web.archive.org/web/*/https://www.copperascovetx.gov/DocumentCenter/View/492/2019-48-Amending-the-fees-schedule-for-the-COCC-PDF?bidId=
HIGH,9,Contracts / Bids,2025,2019 52 Adopting a budget amendment for Fiscal Year 2019 2019 PDF,priority category; infrastructure/money keyword; financial/project keyword; document/PDF,1,1,application/pdf,https://www.copperascovetx.gov/DocumentCenter/View/495/2019-52-Adopting-a-budget-amendment-for-Fiscal-Year-2019-2019-PDF?bidId=,https://web.archive.org/web/20250928085026/https://www.copperascovetx.gov/DocumentCenter/View/495/2019-52-Adopting-a-budget-amendment-for-Fiscal-Year-2019-2019-PDF?bidId=,https://web.archive.org/web/*/https://www.copperascovetx.gov/DocumentCenter/View/495/2019-52-Adopting-a-budget-amendment-for-Fiscal-Year-2019-2019-PDF?bidId=
HIGH,9,Contracts / Bids,2025,2020 30 Approving the Purchase for an Appraisal Office PDF,priority category; infrastructure/money keyword; financial/project keyword; document/PDF,1,1,application/pdf,https://www.copperascovetx.gov/DocumentCenter/View/951/2020-30-Approving-the-Purchase-for-an-Appraisal-Office-PDF,https://web.archive.org/web/20250925213429/https://www.copperascovetx.gov/DocumentCenter/View/951/2020-30-Approving-the-Purchase-for-an-Appraisal-Office-PDF,https://web.archive.org/web/*/https://www.copperascovetx.gov/DocumentCenter/View/951/2020-30-Approving-the-Purchase-for-an-Appraisal-Office-PDF
HIGH,9,Contracts / Bids,2025,ADDENDUM 1 Copperas Cove Senior Center IFC Drawings Senior Center.pdf,priority category; infrastructure/money keyword; financial/project keyword; document/PDF,1,1,application/pdf,https://www.copperascovetx.gov/files/finance/bid_requests/2025-10-54/ADDENDUM%201%20Copperas%20Cove%20Senior%20Center%20IFC%20Drawings%20Senior%20Center.pdf,https://web.archive.org/web/20250803033334/https://www.copperascovetx.gov/files/finance/bid_requests/2025-10-54/ADDENDUM%201%20Copperas%20Cove%20Senior%20Center%20IFC%20Drawings%20Senior%20Center.pdf,https://web.archive.org/web/*/https://www.copperascovetx.gov/files/finance/bid_requests/2025-10-54/ADDENDUM%201%20Copperas%20Cove%20Senior%20Center%20IFC%20Drawings%20Senior%20Center.pdf
HIGH,9,Contracts / Bids,2025,ADDENDUM NO1.pdf,priority category; infrastructure/money keyword; financial/project keyword; document/PDF,1,1,application/pdf,https://www.copperascovetx.gov/files/finance/bid_requests/2023-04-82/ADDENDUM%20NO1.pdf,https://web.archive.org/web/20250203062439/https://www.copperascovetx.gov/files/finance/bid_requests/2023-04-82/ADDENDUM%20NO1.pdf,https://web.archive.org/web/*/https://www.copperascovetx.gov/files/finance/bid_requests/2023-04-82/ADDENDUM%20NO1.pdf
HIGH,9,Contracts / Bids,2025,Addendum 1 COURTS RENOVATION 2025 11 41.pdf,priority category; infrastructure/money keyword; financial/project keyword; document/PDF,1,1,application/pdf,https://www.copperascovetx.gov/files/finance/bid_requests/2025-11-41/Addendum%201-%20COURTS%20RENOVATION%202025-11-41.pdf,https://web.archive.org/web/20250803021540/https://www.copperascovetx.gov/files/finance/bid_requests/2025-11-41/Addendum%201-%20COURTS%20RENOVATION%202025-11-41.pdf,https://web.archive.org/web/*/https://www.copperascovetx.gov/files/finance/bid_requests/2025-11-41/Addendum%201-%20COURTS%20RENOVATION%202025-11-41.pdf
HIGH,9,Contracts / Bids,2025,Addendum 1 MEP.pdf,priority category; infrastructure/money keyword; financial/project keyword; document/PDF,1,1,application/pdf,https://www.copperascovetx.gov/files/finance/bid_requests/2025-09-54/Addendum%201-MEP.pdf,https://web.archive.org/web/20250803030233/https://www.copperascovetx.gov/files/finance/bid_requests/2025-09-54/Addendum%201-MEP.pdf,https://web.archive.org/web/*/https://www.copperascovetx.gov/files/finance/bid_requests/2025-09-54/Addendum%201-MEP.pdf
HIGH,9,Contracts / Bids,2025,Addendum 1 electrical.pdf,priority category; infrastructure/money keyword; financial/project keyword; document/PDF,1,1,application/pdf,https://www.copperascovetx.gov/files/finance/bid_requests/2025-06-54/Addendum%201%20electrical.pdf,https://web.archive.org/web/20250803015922/https://www.copperascovetx.gov/files/finance/bid_requests/2025-06-54/Addendum%201%20electrical.pdf,https://web.archive.org/web/*/https://www.copperascovetx.gov/files/finance/bid_requests/2025-06-54/Addendum%201%20electrical.pdf
HIGH,9,Contracts / Bids,2025,Addendum 1 mechanical.pdf,priority category; infrastructure/money keyword; financial/project keyword; document/PDF,1,1,application/pdf,https://www.copperascovetx.gov/files/finance/bid_requests/2025-07-54/Addendum%201%20mechanical.pdf,https://web.archive.org/web/20250803020531/https://www.copperascovetx.gov/files/finance/bid_requests/2025-07-54/Addendum%201%20mechanical.pdf,https://web.archive.org/web/*/https://www.copperascovetx.gov/files/finance/bid_requests/2025-07-54/Addendum%201%20mechanical.pdf
HIGH,9,Contracts / Bids,2025,Addendum 1.pdf,priority category; infrastructure/money keyword; financial/project keyword; document/PDF,1,1,application/pdf,https://www.copperascovetx.gov/files/finance/bid_requests/2025-02-54/Addendum%201.pdf,https://web.archive.org/web/20250803014647/https://www.copperascovetx.gov/files/finance/bid_requests/2025-02-54/Addendum%201.pdf,https://web.archive.org/web/*/https://www.copperascovetx.gov/files/finance/bid_requests/2025-02-54/Addendum%201.pdf
HIGH,9,Contracts / Bids,2025,Addendum 1.pdf,priority category; infrastructure/money keyword; financial/project keyword; document/PDF,2,1,application/pdf,https://www.copperascovetx.gov/files/finance/bid_requests/2025-03-54/Addendum%201.pdf,https://web.archive.org/web/20250803022658/https://www.copperascovetx.gov/files/finance/bid_requests/2025-03-54/Addendum%201.pdf,https://web.archive.org/web/*/https://www.copperascovetx.gov/files/finance/bid_requests/2025-03-54/Addendum%201.pdf
HIGH,9,Contracts / Bids,2025,Addendum 2 SENIOR CENTER 2025 10 54.pdf,priority category; infrastructure/money keyword; financial/project keyword; document/PDF,1,1,application/pdf,https://www.copperascovetx.gov/files/finance/bid_requests/2025-10-54/Addendum%202-%20SENIOR%20CENTER%202025-10-54.pdf,https://web.archive.org/web/20250803023535/https://www.copperascovetx.gov/files/finance/bid_requests/2025-10-54/Addendum%202-%20SENIOR%20CENTER%202025-10-54.pdf,https://web.archive.org/web/*/https://www.copperascovetx.gov/files/finance/bid_requests/2025-10-54/Addendum%202-%20SENIOR%20CENTER%202025-10-54.pdf
HIGH,9,Contracts / Bids,2025,Addendum 2 mechanical.pdf,priority category; infrastructure/money keyword; financial/project keyword; document/PDF,1,1,application/pdf,https://www.copperascovetx.gov/files/finance/bid_requests/2025-07-54/Addendum%202%20mechanical.pdf,https://web.archive.org/web/20250803014859/https://www.copperascovetx.gov/files/finance/bid_requests/2025-07-54/Addendum%202%20mechanical.pdf,https://web.archive.org/web/*/https://www.copperascovetx.gov/files/finance/bid_requests/2025-07-54/Addendum%202%20mechanical.pdf
HIGH,9,Contracts / Bids,2025,Addendum1.pdf,priority category; infrastructure/money keyword; financial/project keyword; document/PDF,1,1,application/pdf,https://www.copperascovetx.gov/files/finance/bid_requests/2025-08-61/Addendum1.pdf,https://web.archive.org/web/20250803014942/https://www.copperascovetx.gov/files/finance/bid_requests/2025-08-61/Addendum1.pdf,https://web.archive.org/web/*/https://www.copperascovetx.gov/files/finance/bid_requests/2025-08-61/Addendum1.pdf
HIGH,9,Contracts / Bids,2025,Addendum3 Copperas Cove Senior Center Site and Building Conformed thru Rev5 Drawings.pdf,priority category; infrastructure/money keyword; financial/project keyword; document/PDF,1,1,application/pdf,https://www.copperascovetx.gov/files/finance/bid_requests/2025-10-54/Addendum3%20Copperas%20Cove%20Senior%20Center%20Site%20and%20Building%20Conformed%20thru%20Rev5%20Drawings.pdf,https://web.archive.org/web/20250803015025/https://www.copperascovetx.gov/files/finance/bid_requests/2025-10-54/Addendum3%20Copperas%20Cove%20Senior%20Center%20Site%20and%20Building%20Conformed%20thru%20Rev5%20Drawings.pdf,https://web.archive.org/web/*/https://www.copperascovetx.gov/files/finance/bid_requests/2025-10-54/Addendum3%20Copperas%20Cove%20Senior%20Center%20Site%20and%20Building%20Conformed%20thru%20Rev5%20Drawings.pdf
HIGH,9,Contracts / Bids,2025,Advertisement for Bid Constitution Dr Reconstruction.pdf,priority category; infrastructure/money keyword; financial/project keyword; document/PDF,1,1,application/pdf,https://www.copperascovetx.gov/files/finance/bid_requests/2023-01-53/Advertisement%20for%20Bid-Constitution%20Dr%20Reconstruction.pdf,https://web.archive.org/web/20250203020408/https://www.copperascovetx.gov/files/finance/bid_requests/2023-01-53/Advertisement%20for%20Bid-Constitution%20Dr%20Reconstruction.pdf,https://web.archive.org/web/*/https://www.copperascovetx.gov/files/finance/bid_requests/2023-01-53/Advertisement%20for%20Bid-Constitution%20Dr%20Reconstruction.pdf
HIGH,9,Contracts / Bids,2025,Advertisement for Bids Eagle Trail.pdf,priority category; infrastructure/money keyword; financial/project keyword; document/PDF,1,1,application/pdf,https://www.copperascovetx.gov/files/finance/bid_requests/2023-02-76/Advertisement%20for%20Bids-Eagle%20Trail.pdf,https://web.archive.org/web/20250203063102/https://www.copperascovetx.gov/files/finance/bid_requests/2023-02-76/Advertisement%20for%20Bids-Eagle%20Trail.pdf,https://web.archive.org/web/*/https://www.copperascovetx.gov/files/finance/bid_requests/2023-02-76/Advertisement%20for%20Bids-Eagle%20Trail.pdf
HIGH,9,Contracts / Bids,2025,Advertisement for Bids Oak Hill Dr & Deer Flat Dr Project.pdf,priority category; infrastructure/money keyword; financial/project keyword; document/PDF,1,1,application/pdf,https://www.copperascovetx.gov/files/finance/bid_requests/2024-04-53/Advertisement%20for%20Bids-Oak%20Hill%20Dr%20&%20Deer%20Flat%20Dr%20Project.pdf,https://web.archive.org/web/20250203060823/https://www.copperascovetx.gov/files/finance/bid_requests/2024-04-53/Advertisement%20for%20Bids-Oak%20Hill%20Dr%20&%20Deer%20Flat%20Dr%20Project.pdf,https://web.archive.org/web/*/https://www.copperascovetx.gov/files/finance/bid_requests/2024-04-53/Advertisement%20for%20Bids-Oak%20Hill%20Dr%20&%20Deer%20Flat%20Dr%20Project.pdf
HIGH,9,Contracts / Bids,2025,Advertisement for Bids Ramblewood Estates.pdf,priority category; infrastructure/money keyword; financial/project keyword; document/PDF,1,1,application/pdf,https://www.copperascovetx.gov/files/finance/bid_requests/2024-06-76/Advertisement%20for%20Bids-Ramblewood%20Estates.pdf,https://web.archive.org/web/20250803020334/https://www.copperascovetx.gov/files/finance/bid_requests/2024-06-76/Advertisement%20for%20Bids-Ramblewood%20Estates.pdf,https://web.archive.org/web/*/https://www.copperascovetx.gov/files/finance/bid_requests/2024-06-76/Advertisement%20for%20Bids-Ramblewood%20Estates.pdf
HIGH,9,Contracts / Bids,2025,COPPERAS COVE FS3 RENOVATION ADDENDUM 3.pdf,priority category; infrastructure/money keyword; financial/project keyword; document/PDF,2,1,application/pdf,https://www.copperascovetx.gov/files/finance/bid_requests/2025-01-44/COPPERAS%20COVE%20FS3%20RENOVATION%20-%20ADDENDUM%203.pdf,https://web.archive.org/web/20250803014516/https://www.copperascovetx.gov/files/finance/bid_requests/2025-01-44/COPPERAS%20COVE%20FS3%20RENOVATION%20-%20ADDENDUM%203.pdf,https://web.archive.org/web/*/https://www.copperascovetx.gov/files/finance/bid_requests/2025-01-44/COPPERAS%20COVE%20FS3%20RENOVATION%20-%20ADDENDUM%203.pdf
HIGH,9,Contracts / Bids,2025,COPPERAS COVE FS3 RENOVATION ADDENDUM 4.pdf,priority category; infrastructure/money keyword; financial/project keyword; document/PDF,2,1,application/pdf,https://www.copperascovetx.gov/files/finance/bid_requests/2025-01-44/COPPERAS%20COVE%20FS3%20RENOVATION%20-%20ADDENDUM%204.pdf,https://web.archive.org/web/20250803021828/https://www.copperascovetx.gov/files/finance/bid_requests/2025-01-44/COPPERAS%20COVE%20FS3%20RENOVATION%20-%20ADDENDUM%204.pdf,https://web.archive.org/web/*/https://www.copperascovetx.gov/files/finance/bid_requests/2025-01-44/COPPERAS%20COVE%20FS3%20RENOVATION%20-%20ADDENDUM%204.pdf
HIGH,9,Contracts / Bids,2025,Copperas Cove FS3 Addition Renovation Bid Tabulation.pdf,priority category; infrastructure/money keyword; financial/project keyword; document/PDF,2,1,application/pdf,https://www.copperascovetx.gov/files/finance/bid_requests/2025-01-44/Copperas%20Cove%20FS3%20Addition%20Renovation%20-%20Bid%20Tabulation.pdf,https://web.archive.org/web/20250803015843/https://www.copperascovetx.gov/files/finance/bid_requests/2025-01-44/Copperas%20Cove%20FS3%20Addition%20Renovation%20-%20Bid%20Tabulation.pdf,https://web.archive.org/web/*/https://www.copperascovetx.gov/files/finance/bid_requests/2025-01-44/Copperas%20Cove%20FS3%20Addition%20Renovation%20-%20Bid%20Tabulation.pdf
HIGH,9,Contracts / Bids,2025,Courts Renovation Bid 2025 11 41.pdf,priority category; infrastructure/money keyword; financial/project keyword; document/PDF,1,1,application/pdf,https://www.copperascovetx.gov/files/finance/bid_requests/2025-11-41/Courts%20Renovation%20Bid%202025-11-41.pdf,https://web.archive.org/web/20250803025708/https://www.copperascovetx.gov/files/finance/bid_requests/2025-11-41/Courts%20Renovation%20Bid%202025-11-41.pdf,https://web.archive.org/web/*/https://www.copperascovetx.gov/files/finance/bid_requests/2025-11-41/Courts%20Renovation%20Bid%202025-11-41.pdf
HIGH,9,Contracts / Bids,2025,Electrical BID 2025 06 54.pdf,priority category; infrastructure/money keyword; financial/project keyword; document/PDF,1,1,application/pdf,https://www.copperascovetx.gov/files/finance/bid_requests/2025-06-54/Electrical%20BID%202025-06-54.pdf,https://web.archive.org/web/20250803030913/https://www.copperascovetx.gov/files/finance/bid_requests/2025-06-54/Electrical%20BID%202025-06-54.pdf,https://web.archive.org/web/*/https://www.copperascovetx.gov/files/finance/bid_requests/2025-06-54/Electrical%20BID%202025-06-54.pdf
HIGH,9,Contracts / Bids,2025,HY245032 Copperas Cove Senior Center Final GeoReport.pdf,priority category; infrastructure/money keyword; financial/project keyword; document/PDF,1,1,application/pdf,https://www.copperascovetx.gov/files/finance/bid_requests/2025-03-54/HY245032%20Copperas%20Cove%20Senior%20Center%20Final%20GeoReport.pdf,https://web.archive.org/web/20250803020004/https://www.copperascovetx.gov/files/finance/bid_requests/2025-03-54/HY245032%20Copperas%20Cove%20Senior%20Center%20Final%20GeoReport.pdf,https://web.archive.org/web/*/https://www.copperascovetx.gov/files/finance/bid_requests/2025-03-54/HY245032%20Copperas%20Cove%20Senior%20Center%20Final%20GeoReport.pdf
HIGH,9,Contracts / Bids,2025,PW2024 03 53.pdf,priority category; infrastructure/money keyword; financial/project keyword; document/PDF,1,1,application/pdf,https://www.copperascovetx.gov/files/finance/bid_requests/2024-03-53/PW2024-03-53.pdf,https://web.archive.org/web/20250203025445/https://www.copperascovetx.gov/files/finance/bid_requests/2024-03-53/PW2024-03-53.pdf,https://web.archive.org/web/*/https://www.copperascovetx.gov/files/finance/bid_requests/2024-03-53/PW2024-03-53.pdf
HIGH,9,Contracts / Bids,2025,RFB concrete walking trail. V3 final.pdf,priority category; infrastructure/money keyword; financial/project keyword; document/PDF,2,1,application/pdf,https://www.copperascovetx.gov/files/finance/bid_requests/2025-02-54/RFB%20concrete%20walking%20trail.%20V3%20final.pdf,https://web.archive.org/web/20250803013827/https://www.copperascovetx.gov/files/finance/bid_requests/2025-02-54/RFB%20concrete%20walking%20trail.%20V3%20final.pdf,https://web.archive.org/web/*/https://www.copperascovetx.gov/files/finance/bid_requests/2025-02-54/RFB%20concrete%20walking%20trail.%20V3%20final.pdf
HIGH,9,Contracts / Bids,2025,SENIOR CENTER BID 2025 10 54.pdf,priority category; infrastructure/money keyword; financial/project keyword; document/PDF,1,1,application/pdf,https://www.copperascovetx.gov/files/finance/bid_requests/2025-10-54/SENIOR%20CENTER%20BID%202025-10-54.pdf,https://web.archive.org/web/20250803024524/https://www.copperascovetx.gov/files/finance/bid_requests/2025-10-54/SENIOR%20CENTER%20BID%202025-10-54.pdf,https://web.archive.org/web/*/https://www.copperascovetx.gov/files/finance/bid_requests/2025-10-54/SENIOR%20CENTER%20BID%202025-10-54.pdf
HIGH,9,Contracts / Bids,2025,SENIOR CENTER FRAMING 2025 05 54 BID.pdf,priority category; infrastructure/money keyword; financial/project keyword; document/PDF,1,1,application/pdf,https://www.copperascovetx.gov/files/finance/bid_requests/2025-05-54/SENIOR%20CENTER%20FRAMING%202025-05-54%20BID.pdf,https://web.archive.org/web/20250803030605/https://www.copperascovetx.gov/files/finance/bid_requests/2025-05-54/SENIOR%20CENTER%20FRAMING%202025-05-54%20BID.pdf,https://web.archive.org/web/*/https://www.copperascovetx.gov/files/finance/bid_requests/2025-05-54/SENIOR%20CENTER%20FRAMING%202025-05-54%20BID.pdf
HIGH,9,Contracts / Bids,2025,SENIOR CENTER MECHANICAL INSTALLATION 2025 07 54.pdf,priority category; infrastructure/money keyword; financial/project keyword; document/PDF,1,1,application/pdf,https://www.copperascovetx.gov/files/finance/bid_requests/2025-07-54/SENIOR%20CENTER%20MECHANICAL%20INSTALLATION%202025-07-54.pdf,https://web.archive.org/web/20250803013735/https://www.copperascovetx.gov/files/finance/bid_requests/2025-07-54/SENIOR%20CENTER%20MECHANICAL%20INSTALLATION%202025-07-54.pdf,https://web.archive.org/web/*/https://www.copperascovetx.gov/files/finance/bid_requests/2025-07-54/SENIOR%20CENTER%20MECHANICAL%20INSTALLATION%202025-07-54.pdf
HIGH,9,Contracts / Bids,2025,SENIOR CENTER MEP BID 2025 09 54.pdf,priority category; infrastructure/money keyword; financial/project keyword; document/PDF,1,1,application/pdf,https://www.copperascovetx.gov/files/finance/bid_requests/2025-09-54/SENIOR%20CENTER%20MEP%20BID%202025-09-54.pdf,https://web.archive.org/web/20250803031236/https://www.copperascovetx.gov/files/finance/bid_requests/2025-09-54/SENIOR%20CENTER%20MEP%20BID%202025-09-54.pdf,https://web.archive.org/web/*/https://www.copperascovetx.gov/files/finance/bid_requests/2025-09-54/SENIOR%20CENTER%20MEP%20BID%202025-09-54.pdf
HIGH,9,Contracts / Bids,2025,SENIOR CENTER PLUMBING INSTALLATION.pdf,priority category; infrastructure/money keyword; financial/project keyword; document/PDF,1,1,application/pdf,https://www.copperascovetx.gov/files/finance/bid_requests/2025-04-54/SENIOR%20CENTER%20PLUMBING%20INSTALLATION.pdf,https://web.archive.org/web/20250803032958/https://www.copperascovetx.gov/files/finance/bid_requests/2025-04-54/SENIOR%20CENTER%20PLUMBING%20INSTALLATION.pdf,https://web.archive.org/web/*/https://www.copperascovetx.gov/files/finance/bid_requests/2025-04-54/SENIOR%20CENTER%20PLUMBING%20INSTALLATION.pdf
HIGH,9,Contracts / Bids,2025,Taylor Mountain GST Addendum No. 1.pdf,priority category; infrastructure/money keyword; financial/project keyword; document/PDF,1,1,application/pdf,https://www.copperascovetx.gov/files/finance/bid_requests/2024-01-82/Taylor%20Mountain%20GST%20Addendum%20No.%201.pdf,https://web.archive.org/web/20250203025347/https://www.copperascovetx.gov/files/finance/bid_requests/2024-01-82/Taylor%20Mountain%20GST%20Addendum%20No.%201.pdf,https://web.archive.org/web/*/https://www.copperascovetx.gov/files/finance/bid_requests/2024-01-82/Taylor%20Mountain%20GST%20Addendum%20No.%201.pdf
HIGH,9,Debt / Capital,2014,Adopted CIP 2011 full version with updates.pdf,priority category; infrastructure/money keyword; financial/project keyword; document/PDF,1,1,application/pdf,http://www.copperascovetx.gov/pages/finance_department/reports/CIP/Adopted%20CIP%202011%20full%20version%20with%20updates.pdf,https://web.archive.org/web/20140224115003/http://www.copperascovetx.gov/pages/finance_department/reports/CIP/Adopted%20CIP%202011%20full%20version%20with%20updates.pdf,https://web.archive.org/web/*/http://www.copperascovetx.gov/pages/finance_department/reports/CIP/Adopted%20CIP%202011%20full%20version%20with%20updates.pdf
HIGH,9,Debt / Capital,2014,capital projects.pdf,priority category; infrastructure/money keyword; financial/project keyword; document/PDF,1,1,application/pdf,http://www.copperascovetx.gov/pages/finance_department/reports/CIP/capital_projects.pdf,https://web.archive.org/web/20140224125706/http://www.copperascovetx.gov/pages/finance_department/reports/CIP/capital_projects.pdf,https://web.archive.org/web/*/http://www.copperascovetx.gov/pages/finance_department/reports/CIP/capital_projects.pdf
HIGH,9,Debt / Capital,2016,FY2010 14 amended 10.pdf,priority category; infrastructure/money keyword; financial/project keyword; document/PDF,1,1,application/pdf,http://www.copperascovetx.gov/files/budget/plans/cip/FY2010-14_amended_10.pdf,https://web.archive.org/web/20161227110445/http://www.copperascovetx.gov/files/budget/plans/cip/FY2010-14_amended_10.pdf,https://web.archive.org/web/*/http://www.copperascovetx.gov/files/budget/plans/cip/FY2010-14_amended_10.pdf
HIGH,9,Debt / Capital,2016,FY2010 14 amended 11.pdf,priority category; infrastructure/money keyword; financial/project keyword; document/PDF,1,1,application/pdf,http://www.copperascovetx.gov/files/budget/plans/cip/FY2010-14_amended_11.pdf,https://web.archive.org/web/20161228101356/http://www.copperascovetx.gov/files/budget/plans/cip/FY2010-14_amended_11.pdf,https://web.archive.org/web/*/http://www.copperascovetx.gov/files/budget/plans/cip/FY2010-14_amended_11.pdf
HIGH,9,Debt / Capital,2016,FY2010 14 amended 13.pdf,priority category; infrastructure/money keyword; financial/project keyword; document/PDF,1,1,application/pdf,http://www.copperascovetx.gov/files/budget/plans/cip/FY2010-14_amended_13.pdf,https://web.archive.org/web/20161227111110/http://www.copperascovetx.gov/files/budget/plans/cip/FY2010-14_amended_13.pdf,https://web.archive.org/web/*/http://www.copperascovetx.gov/files/budget/plans/cip/FY2010-14_amended_13.pdf
HIGH,9,Debt / Capital,2016,FY2015 19.pdf,priority category; infrastructure/money keyword; financial/project keyword; document/PDF,1,1,application/pdf,http://www.copperascovetx.gov/files/budget/plans/cip/FY2015-19.pdf,https://web.archive.org/web/20161222161356/http://www.copperascovetx.gov/files/budget/plans/cip/FY2015-19.pdf,https://web.archive.org/web/*/http://www.copperascovetx.gov/files/budget/plans/cip/FY2015-19.pdf
HIGH,9,Debt / Capital,2016,FY2016 20.pdf,priority category; infrastructure/money keyword; financial/project keyword; document/PDF,1,1,application/pdf,http://www.copperascovetx.gov/files/budget/plans/cip/FY2016-20.pdf,https://web.archive.org/web/20161222161920/http://www.copperascovetx.gov/files/budget/plans/cip/FY2016-20.pdf,https://web.archive.org/web/*/http://www.copperascovetx.gov/files/budget/plans/cip/FY2016-20.pdf
HIGH,9,Debt / Capital,2016,FY2017 21.pdf,priority category; infrastructure/money keyword; financial/project keyword; document/PDF,1,1,application/pdf,http://www.copperascovetx.gov/files/budget/plans/cip/FY2017-21.pdf,https://web.archive.org/web/20161222162432/http://www.copperascovetx.gov/files/budget/plans/cip/FY2017-21.pdf,https://web.archive.org/web/*/http://www.copperascovetx.gov/files/budget/plans/cip/FY2017-21.pdf
HIGH,9,Debt / Capital,2016,bond rating.pdf,priority category; infrastructure/money keyword; financial/project keyword; document/PDF,1,1,application/pdf,http://www.copperascovetx.gov/files/finance/bond_rating.pdf,https://web.archive.org/web/20161227153722/http://www.copperascovetx.gov/files/finance/bond_rating.pdf,https://web.archive.org/web/*/http://www.copperascovetx.gov/files/finance/bond_rating.pdf
HIGH,9,Debt / Capital,2017,FY2010 14 adopted 09.pdf,priority category; infrastructure/money keyword; financial/project keyword; document/PDF,1,1,application/pdf,http://www.copperascovetx.gov/files/budget/plans/cip/FY2010-14_adopted_09.pdf,https://web.archive.org/web/20170126051739/http://www.copperascovetx.gov/files/budget/plans/cip/FY2010-14_adopted_09.pdf,https://web.archive.org/web/*/http://www.copperascovetx.gov/files/budget/plans/cip/FY2010-14_adopted_09.pdf
HIGH,9,Debt / Capital,2017,FY2010 14 amended 12.pdf,priority category; infrastructure/money keyword; financial/project keyword; document/PDF,1,1,application/pdf,http://www.copperascovetx.gov/files/budget/plans/cip/FY2010-14_amended_12.pdf,https://web.archive.org/web/20170130192924/http://www.copperascovetx.gov/files/budget/plans/cip/FY2010-14_amended_12.pdf,https://web.archive.org/web/*/http://www.copperascovetx.gov/files/budget/plans/cip/FY2010-14_amended_12.pdf
HIGH,9,Debt / Capital,2021,02212020 FY 2021 2025 Capital Outlay Plan Presentation.pdf,priority category; infrastructure/money keyword; financial/project keyword; document/PDF,2,1,application/pdf,https://www.copperascovetx.gov/files/budget/presentations/02212020%20FY%202021-2025%20Capital%20Outlay%20Plan%20Presentation.pdf,https://web.archive.org/web/20210304085545/https://www.copperascovetx.gov/files/budget/presentations/02212020%20FY%202021-2025%20Capital%20Outlay%20Plan%20Presentation.pdf,https://web.archive.org/web/*/https://www.copperascovetx.gov/files/budget/presentations/02212020%20FY%202021-2025%20Capital%20Outlay%20Plan%20Presentation.pdf
HIGH,9,Debt / Capital,2025,2015 21 Notice of Intent to Issue Combination Tax and Revenue Certificates PDF,priority category; infrastructure/money keyword; financial/project keyword; document/PDF,1,1,application/pdf,https://www.copperascovetx.gov/DocumentCenter/View/1159/2015-21-Notice-of-Intent-to-Issue-Combination-Tax-and-Revenue-Certificates-PDF,https://web.archive.org/web/20250929235812/https://www.copperascovetx.gov/DocumentCenter/View/1159/2015-21-Notice-of-Intent-to-Issue-Combination-Tax-and-Revenue-Certificates-PDF,https://web.archive.org/web/*/https://www.copperascovetx.gov/DocumentCenter/View/1159/2015-21-Notice-of-Intent-to-Issue-Combination-Tax-and-Revenue-Certificates-PDF
HIGH,9,Debt / Capital,2025,2017 37 Pre Qualified Engineering Firms PDF,priority category; infrastructure/money keyword; financial/project keyword; document/PDF,1,1,application/pdf,https://www.copperascovetx.gov/DocumentCenter/View/1082/2017-37-Pre-Qualified-Engineering-Firms-PDF,https://web.archive.org/web/20250928094720/https://www.copperascovetx.gov/DocumentCenter/View/1082/2017-37-Pre-Qualified-Engineering-Firms-PDF,https://web.archive.org/web/*/https://www.copperascovetx.gov/DocumentCenter/View/1082/2017-37-Pre-Qualified-Engineering-Firms-PDF
HIGH,9,Debt / Capital,2025,2024 Debt Notice of intent.pdf,priority category; infrastructure/money keyword; financial/project keyword; document/PDF,2,1,application/pdf,https://www.copperascovetx.gov/files/budget/notices/2024%20Debt%20-%20Notice%20of%20intent.pdf,https://web.archive.org/web/20250208231447/https://www.copperascovetx.gov/files/budget/notices/2024%20Debt%20-%20Notice%20of%20intent.pdf,https://web.archive.org/web/*/https://www.copperascovetx.gov/files/budget/notices/2024%20Debt%20-%20Notice%20of%20intent.pdf
HIGH,9,Debt / Capital,2025,2025 Debt Notice of intent.pdf,priority category; infrastructure/money keyword; financial/project keyword; document/PDF,1,1,application/pdf,https://www.copperascovetx.gov/files/budget/notices/2025%20Debt%20-%20Notice%20of%20intent.pdf,https://web.archive.org/web/20250612210908/https://www.copperascovetx.gov/files/budget/notices/2025%20Debt%20-%20Notice%20of%20intent.pdf,https://web.archive.org/web/*/https://www.copperascovetx.gov/files/budget/notices/2025%20Debt%20-%20Notice%20of%20intent.pdf
HIGH,9,Debt / Capital,2025,CapitalImprovementPlan(CIP)TownHallMeeting.pdf,priority category; infrastructure/money keyword; financial/project keyword; document/PDF,4,1,application/pdf,https://www.copperascovetx.gov/files/pio/press_releases/02-20/CapitalImprovementPlan(CIP)TownHallMeeting.pdf,https://web.archive.org/web/20250210202708/https://www.copperascovetx.gov/files/pio/press_releases/02-20/CapitalImprovementPlan(CIP)TownHallMeeting.pdf,https://web.archive.org/web/*/https://www.copperascovetx.gov/files/pio/press_releases/02-20/CapitalImprovementPlan(CIP)TownHallMeeting.pdf
HIGH,9,Debt / Capital,2025,FY 2025 2029 Adopted.pdf,priority category; infrastructure/money keyword; financial/project keyword; document/PDF,1,1,application/pdf,https://www.copperascovetx.gov/files/budget/plans/cip/FY%202025-2029%20Adopted.pdf,https://web.archive.org/web/20250208071933/https://www.copperascovetx.gov/files/budget/plans/cip/FY%202025-2029%20Adopted.pdf,https://web.archive.org/web/*/https://www.copperascovetx.gov/files/budget/plans/cip/FY%202025-2029%20Adopted.pdf
HIGH,9,Debt / Capital,2025,Infrastructure Design and Construction Manual PDF,priority category; infrastructure/money keyword; financial/project keyword; document/PDF,1,1,application/pdf,https://www.copperascovetx.gov/DocumentCenter/View/1970/Infrastructure-Design-and-Construction-Manual-PDF,https://web.archive.org/web/20250925170901/https://www.copperascovetx.gov/DocumentCenter/View/1970/Infrastructure-Design-and-Construction-Manual-PDF,https://web.archive.org/web/*/https://www.copperascovetx.gov/DocumentCenter/View/1970/Infrastructure-Design-and-Construction-Manual-PDF
HIGH,9,Debt / Capital,2025,bond rating.pdf,priority category; infrastructure/money keyword; financial/project keyword; document/PDF,5,1,application/pdf,https://www.copperascovetx.gov/files/finance/bond_rating.pdf,https://web.archive.org/web/20250327011726/https://www.copperascovetx.gov/files/finance/bond_rating.pdf,https://web.archive.org/web/*/https://www.copperascovetx.gov/files/finance/bond_rating.pdf
HIGH,9,Dominion / Grants,2025,2018 05 Authorized Official E Rate Grants PDF,priority category; infrastructure/money keyword; financial/project keyword; document/PDF,1,1,application/pdf,https://www.copperascovetx.gov/DocumentCenter/View/1006/2018-05-Authorized-Official-E-Rate-Grants-PDF,https://web.archive.org/web/20250926204434/https://www.copperascovetx.gov/DocumentCenter/View/1006/2018-05-Authorized-Official-E-Rate-Grants-PDF,https://web.archive.org/web/*/https://www.copperascovetx.gov/DocumentCenter/View/1006/2018-05-Authorized-Official-E-Rate-Grants-PDF
HIGH,9,Dominion / Grants,2025,2018 26 Granting a Petition to Increase Corporate City Limits PDF,priority category; infrastructure/money keyword; financial/project keyword; document/PDF,1,1,application/pdf,https://www.copperascovetx.gov/DocumentCenter/View/1025/2018-26-Granting-a-Petition-to-Increase-Corporate-City-Limits-PDF,https://web.archive.org/web/20250925222518/https://www.copperascovetx.gov/DocumentCenter/View/1025/2018-26-Granting-a-Petition-to-Increase-Corporate-City-Limits-PDF,https://web.archive.org/web/*/https://www.copperascovetx.gov/DocumentCenter/View/1025/2018-26-Granting-a-Petition-to-Increase-Corporate-City-Limits-PDF
HIGH,9,Dominion / Grants,2025,2020 17 Coronavirus Emergency Supplemental Funding Grant PDF,priority category; infrastructure/money keyword; financial/project keyword; document/PDF,1,1,application/pdf,https://www.copperascovetx.gov/DocumentCenter/View/939/2020-17-Coronavirus-Emergency-Supplemental-Funding-Grant-PDF,https://web.archive.org/web/20250928103559/https://www.copperascovetx.gov/DocumentCenter/View/939/2020-17-Coronavirus-Emergency-Supplemental-Funding-Grant-PDF,https://web.archive.org/web/*/https://www.copperascovetx.gov/DocumentCenter/View/939/2020-17-Coronavirus-Emergency-Supplemental-Funding-Grant-PDF
HIGH,9,Dominion / Grants,2025,2025 1 Advance Funding Agreement With the TXDOT for the Fort Cavazos Access Ramps PDF,priority category; infrastructure/money keyword; financial/project keyword; document/PDF,1,1,application/pdf,https://www.copperascovetx.gov/DocumentCenter/View/4605/2025-1-Advance-Funding-Agreement-With-the-TXDOT-for-the-Fort-Cavazos-Access-Ramps-PDF,https://web.archive.org/web/20250925212157/https://www.copperascovetx.gov/DocumentCenter/View/4605/2025-1-Advance-Funding-Agreement-With-the-TXDOT-for-the-Fort-Cavazos-Access-Ramps-PDF,https://web.archive.org/web/*/https://www.copperascovetx.gov/DocumentCenter/View/4605/2025-1-Advance-Funding-Agreement-With-the-TXDOT-for-the-Fort-Cavazos-Access-Ramps-PDF
HIGH,9,Golf,2025,2025 LEEP Fundraiser Golf Tournament Sponsorship Package PDF,priority category; infrastructure/money keyword; financial/project keyword; document/PDF,2,1,application/pdf,https://www.copperascovetx.gov/DocumentCenter/View/2264/2025-LEEP-Fundraiser-Golf-Tournament-Sponsorship-Package-PDF,https://web.archive.org/web/20251013022239/https://www.copperascovetx.gov/DocumentCenter/View/2264/2025-LEEP-Fundraiser-Golf-Tournament-Sponsorship-Package-PDF,https://web.archive.org/web/*/https://www.copperascovetx.gov/DocumentCenter/View/2264/2025-LEEP-Fundraiser-Golf-Tournament-Sponsorship-Package-PDF
HIGH,9,Wastewater,2015,2015 02 84 Adv Northwest WWTP Improvement Phase I.pdf,priority category; infrastructure/money keyword; financial/project keyword; document/PDF,1,1,application/pdf,http://www.copperascovetx.gov:80/pages/finance_department/bid_requests/2015/2015-02-84/2015-02-84%20Adv%20Northwest%20WWTP%20Improvement%20Phase%20I.pdf,https://web.archive.org/web/20150421075329/http://www.copperascovetx.gov:80/pages/finance_department/bid_requests/2015/2015-02-84/2015-02-84%20Adv%20Northwest%20WWTP%20Improvement%20Phase%20I.pdf,https://web.archive.org/web/*/http://www.copperascovetx.gov:80/pages/finance_department/bid_requests/2015/2015-02-84/2015-02-84%20Adv%20Northwest%20WWTP%20Improvement%20Phase%20I.pdf
HIGH,9,Wastewater,2025,2016 21 Sanitary Sewer and Temporary Construction Easement PDF,priority category; infrastructure/money keyword; financial/project keyword; document/PDF,1,1,application/pdf,https://www.copperascovetx.gov/DocumentCenter/View/1107/2016-21-Sanitary-Sewer-and-Temporary-Construction-Easement-PDF,https://web.archive.org/web/20250929155042/https://www.copperascovetx.gov/DocumentCenter/View/1107/2016-21-Sanitary-Sewer-and-Temporary-Construction-Easement-PDF,https://web.archive.org/web/*/https://www.copperascovetx.gov/DocumentCenter/View/1107/2016-21-Sanitary-Sewer-and-Temporary-Construction-Easement-PDF
HIGH,9,Wastewater,2025,2016 22 Releasing Sanitary Sewer and Temporary Construction Easement PDF,priority category; infrastructure/money keyword; financial/project keyword; document/PDF,1,1,application/pdf,https://www.copperascovetx.gov/DocumentCenter/View/1108/2016-22-Releasing-Sanitary-Sewer-and-Temporary-Construction-Easement-PDF,https://web.archive.org/web/20250926094230/https://www.copperascovetx.gov/DocumentCenter/View/1108/2016-22-Releasing-Sanitary-Sewer-and-Temporary-Construction-Easement-PDF,https://web.archive.org/web/*/https://www.copperascovetx.gov/DocumentCenter/View/1108/2016-22-Releasing-Sanitary-Sewer-and-Temporary-Construction-Easement-PDF
HIGH,9,Wastewater,2025,2022 16 Expenditures to be Incurred for Replacement of the Influent Screen at the Northeast Wastewater Treatment Plant PDF,priority category; infrastructure/money keyword; financial/project keyword; document/PDF,1,1,application/pdf,https://www.copperascovetx.gov/DocumentCenter/View/855/2022-16-Expenditures-to-be-Incurred-for-Replacement-of-the-Influent-Screen-at-the-Northeast-Wastewater-Treatment-Plant-PDF,https://web.archive.org/web/20250928214942/https://www.copperascovetx.gov/DocumentCenter/View/855/2022-16-Expenditures-to-be-Incurred-for-Replacement-of-the-Influent-Screen-at-the-Northeast-Wastewater-Treatment-Plant-PDF,https://web.archive.org/web/*/https://www.copperascovetx.gov/DocumentCenter/View/855/2022-16-Expenditures-to-be-Incurred-for-Replacement-of-the-Influent-Screen-at-the-Northeast-Wastewater-Treatment-Plant-PDF
HIGH,9,Wastewater,2025,Addendum 01 NE WWTP Headworks 11.13.2023.pdf,priority category; infrastructure/money keyword; financial/project keyword; document/PDF,1,1,application/pdf,https://www.copperascovetx.gov/files/finance/bid_requests/2023-08-84-b/Addendum%2001-NE%20WWTP%20Headworks-11.13.2023.pdf,https://web.archive.org/web/20250203030829/https://www.copperascovetx.gov/files/finance/bid_requests/2023-08-84-b/Addendum%2001-NE%20WWTP%20Headworks-11.13.2023.pdf,https://web.archive.org/web/*/https://www.copperascovetx.gov/files/finance/bid_requests/2023-08-84-b/Addendum%2001-NE%20WWTP%20Headworks-11.13.2023.pdf
HIGH,9,Wastewater,2025,Addendum 1 NE WWTP Headworks Project.pdf,priority category; infrastructure/money keyword; financial/project keyword; document/PDF,1,1,application/pdf,https://www.copperascovetx.gov/files/finance/bid_requests/2023-08-84-A/Addendum%201-NE%20WWTP%20Headworks%20Project.pdf,https://web.archive.org/web/20250203033134/https://www.copperascovetx.gov/files/finance/bid_requests/2023-08-84-A/Addendum%201-NE%20WWTP%20Headworks%20Project.pdf,https://web.archive.org/web/*/https://www.copperascovetx.gov/files/finance/bid_requests/2023-08-84-A/Addendum%201-NE%20WWTP%20Headworks%20Project.pdf
HIGH,9,Wastewater,2025,Addendum 1 South WWTP UV Disinfection Improvements.pdf,priority category; infrastructure/money keyword; financial/project keyword; document/PDF,1,1,application/pdf,https://www.copperascovetx.gov/files/finance/bid_requests/2023-10-84/Addendum%201_South%20WWTP%20UV%20Disinfection%20Improvements.pdf,https://web.archive.org/web/20250203031150/https://www.copperascovetx.gov/files/finance/bid_requests/2023-10-84/Addendum%201_South%20WWTP%20UV%20Disinfection%20Improvements.pdf,https://web.archive.org/web/*/https://www.copperascovetx.gov/files/finance/bid_requests/2023-10-84/Addendum%201_South%20WWTP%20UV%20Disinfection%20Improvements.pdf
HIGH,9,Wastewater,2025,Addendum 2 South WWTP UV Disinfection Improvements.pdf,priority category; infrastructure/money keyword; financial/project keyword; document/PDF,1,1,application/pdf,https://www.copperascovetx.gov/files/finance/bid_requests/2023-10-84/Addendum%202_South%20WWTP%20UV%20Disinfection%20Improvements.pdf,https://web.archive.org/web/20250203025958/https://www.copperascovetx.gov/files/finance/bid_requests/2023-10-84/Addendum%202_South%20WWTP%20UV%20Disinfection%20Improvements.pdf,https://web.archive.org/web/*/https://www.copperascovetx.gov/files/finance/bid_requests/2023-10-84/Addendum%202_South%20WWTP%20UV%20Disinfection%20Improvements.pdf
HIGH,9,Wastewater,2025,Addendum 3 South WWTP UV Disinfection Improvements.pdf,priority category; infrastructure/money keyword; financial/project keyword; document/PDF,1,1,application/pdf,https://www.copperascovetx.gov/files/finance/bid_requests/2023-10-84/Addendum%203_South%20WWTP%20UV%20Disinfection%20Improvements.pdf,https://web.archive.org/web/20250203025146/https://www.copperascovetx.gov/files/finance/bid_requests/2023-10-84/Addendum%203_South%20WWTP%20UV%20Disinfection%20Improvements.pdf,https://web.archive.org/web/*/https://www.copperascovetx.gov/files/finance/bid_requests/2023-10-84/Addendum%203_South%20WWTP%20UV%20Disinfection%20Improvements.pdf
HIGH,9,Wastewater,2025,Advertisement for Bids NE WWTP Blowers & Valves Project.pdf,priority category; infrastructure/money keyword; financial/project keyword; document/PDF,1,1,application/pdf,https://www.copperascovetx.gov/files/finance/bid_requests/2025-01-84/Advertisement%20for%20Bids-NE%20WWTP%20Blowers%20&%20Valves%20Project.pdf,https://web.archive.org/web/20250803024011/https://www.copperascovetx.gov/files/finance/bid_requests/2025-01-84/Advertisement%20for%20Bids-NE%20WWTP%20Blowers%20&%20Valves%20Project.pdf,https://web.archive.org/web/*/https://www.copperascovetx.gov/files/finance/bid_requests/2025-01-84/Advertisement%20for%20Bids-NE%20WWTP%20Blowers%20&%20Valves%20Project.pdf
HIGH,9,Wastewater,2025,RFQ 2025 08 61 Impact Fee Study for Water Wastewater Roads Drainage.pdf,priority category; infrastructure/money keyword; financial/project keyword; document/PDF,1,1,application/pdf,https://www.copperascovetx.gov/files/finance/bid_requests/2025-08-61/RFQ%20-2025-08-61%20Impact%20Fee%20Study%20for%20Water%20Wastewater%20Roads%20Drainage.pdf,https://web.archive.org/web/20250803015757/https://www.copperascovetx.gov/files/finance/bid_requests/2025-08-61/RFQ%20-2025-08-61%20Impact%20Fee%20Study%20for%20Water%20Wastewater%20Roads%20Drainage.pdf,https://web.archive.org/web/*/https://www.copperascovetx.gov/files/finance/bid_requests/2025-08-61/RFQ%20-2025-08-61%20Impact%20Fee%20Study%20for%20Water%20Wastewater%20Roads%20Drainage.pdf
HIGH,9,Water,2020,Advertisement for Bids Rattlesnake Mtn Tank.pdf,priority category; infrastructure/money keyword; financial/project keyword; document/PDF,2,1,application/pdf,https://www.copperascovetx.gov/files/finance/bid_requests/2020-52-82/Advertisement%20for%20Bids-Rattlesnake%20Mtn%20Tank.pdf,https://web.archive.org/web/20201027033925/https://www.copperascovetx.gov/files/finance/bid_requests/2020-52-82/Advertisement%20for%20Bids-Rattlesnake%20Mtn%20Tank.pdf,https://web.archive.org/web/*/https://www.copperascovetx.gov/files/finance/bid_requests/2020-52-82/Advertisement%20for%20Bids-Rattlesnake%20Mtn%20Tank.pdf
HIGH,9,Water,2025,2016 24 Awarding a Bid for 300000 Gallon Elevated water Tank PDF,priority category; infrastructure/money keyword; financial/project keyword; document/PDF,1,1,application/pdf,https://www.copperascovetx.gov/DocumentCenter/View/1109/2016-24-Awarding-a-Bid-for-300000-Gallon-Elevated-water-Tank-PDF,https://web.archive.org/web/20250926003257/https://www.copperascovetx.gov/DocumentCenter/View/1109/2016-24-Awarding-a-Bid-for-300000-Gallon-Elevated-water-Tank-PDF,https://web.archive.org/web/*/https://www.copperascovetx.gov/DocumentCenter/View/1109/2016-24-Awarding-a-Bid-for-300000-Gallon-Elevated-water-Tank-PDF
HIGH,9,Water,2025,2019 03 Expand Boundaries of Bell County Water Control and Improvement District PDF,priority category; infrastructure/money keyword; financial/project keyword; document/PDF,1,1,application/pdf,https://www.copperascovetx.gov/DocumentCenter/View/968/2019-03-Expand-Boundaries-of-Bell-County-Water-Control-and-Improvement-District-PDF,https://web.archive.org/web/20250926164353/https://www.copperascovetx.gov/DocumentCenter/View/968/2019-03-Expand-Boundaries-of-Bell-County-Water-Control-and-Improvement-District-PDF,https://web.archive.org/web/*/https://www.copperascovetx.gov/DocumentCenter/View/968/2019-03-Expand-Boundaries-of-Bell-County-Water-Control-and-Improvement-District-PDF
HIGH,9,Water,2025,2022 38 Authorizing Additional Funding to Bell County Water Control and Improvement for the Standby Generation Backup PDF,priority category; infrastructure/money keyword; financial/project keyword; document/PDF,1,1,application/pdf,https://www.copperascovetx.gov/DocumentCenter/View/875/2022-38-Authorizing-Additional-Funding-to-Bell-County-Water-Control-and-Improvement-for-the-Standby-Generation-Backup-PDF,https://web.archive.org/web/20250926040458/https://www.copperascovetx.gov/DocumentCenter/View/875/2022-38-Authorizing-Additional-Funding-to-Bell-County-Water-Control-and-Improvement-for-the-Standby-Generation-Backup-PDF,https://web.archive.org/web/*/https://www.copperascovetx.gov/DocumentCenter/View/875/2022-38-Authorizing-Additional-Funding-to-Bell-County-Water-Control-and-Improvement-for-the-Standby-Generation-Backup-PDF
HIGH,9,Water,2025,Advertisement for Bids Water Distribution Generators Installation.pdf,priority category; infrastructure/money keyword; financial/project keyword; document/PDF,1,1,application/pdf,https://www.copperascovetx.gov/files/finance/bid_requests/2024-07-82/Advertisement%20for%20Bids-Water%20Distribution%20Generators%20Installation.pdf,https://web.archive.org/web/20250203030414/https://www.copperascovetx.gov/files/finance/bid_requests/2024-07-82/Advertisement%20for%20Bids-Water%20Distribution%20Generators%20Installation.pdf,https://web.archive.org/web/*/https://www.copperascovetx.gov/files/finance/bid_requests/2024-07-82/Advertisement%20for%20Bids-Water%20Distribution%20Generators%20Installation.pdf
HIGH,8,Other Public Money,2025,court docket.pdf,10 unique versions; infrastructure/money keyword; document/PDF,10,10,application/pdf,https://www.copperascovetx.gov/files/municipal_court/dockets/court_docket.pdf,https://web.archive.org/web/20250422133441/https://www.copperascovetx.gov/files/municipal_court/dockets/court_docket.pdf,https://web.archive.org/web/*/https://www.copperascovetx.gov/files/municipal_court/dockets/court_docket.pdf
HIGH,8,Budget / Finance,2024,fee schedule.pdf,review category; 7 unique versions; financial/project keyword; document/PDF,7,7,application/pdf,http://www.copperascovetx.gov/files/fee_schedule/fee_schedule.pdf,https://web.archive.org/web/20240610113142/http://www.copperascovetx.gov/files/fee_schedule/fee_schedule.pdf,https://web.archive.org/web/*/http://www.copperascovetx.gov/files/fee_schedule/fee_schedule.pdf
HIGH,8,Budget / Finance,2025,fee schedule.pdf,review category; 7 unique versions; financial/project keyword; document/PDF,32,7,application/pdf,https://www.copperascovetx.gov/files/fee_schedule/fee_schedule.pdf,https://web.archive.org/web/20250415154006/https://www.copperascovetx.gov/files/fee_schedule/fee_schedule.pdf,https://web.archive.org/web/*/https://www.copperascovetx.gov/files/fee_schedule/fee_schedule.pdf
HIGH,8,Drainage / Stormwater,2015,drainage.htm,review category; 4 unique versions; infrastructure/money keyword,4,4,text/html,http://www.copperascovetx.gov/pages/streets_department/drainage.htm,https://web.archive.org/web/20150205222804/http://www.copperascovetx.gov/pages/streets_department/drainage.htm,https://web.archive.org/web/*/http://www.copperascovetx.gov/pages/streets_department/drainage.htm
HIGH,8,Budget / Finance,2021,02102020 FY 2021 2025 CIP Town Hall.pdf,review category; 2 unique versions; infrastructure/money keyword; financial/project keyword; document/PDF,2,2,application/pdf,https://www.copperascovetx.gov/files/budget/presentations/02102020%20FY%202021-2025%20CIP%20Town%20Hall.pdf,https://web.archive.org/web/20210304083307/https://www.copperascovetx.gov/files/budget/presentations/02102020%20FY%202021-2025%20CIP%20Town%20Hall.pdf,https://web.archive.org/web/*/https://www.copperascovetx.gov/files/budget/presentations/02102020%20FY%202021-2025%20CIP%20Town%20Hall.pdf
HIGH,8,Contracts / Bids,2020,city contracts,priority category; 2 unique versions; infrastructure/money keyword,2,2,text/html,http://www.copperascovetx.gov/city_secretary/city-contracts/,https://web.archive.org/web/20200502180627/http://www.copperascovetx.gov/city_secretary/city-contracts/,https://web.archive.org/web/*/http://www.copperascovetx.gov/city_secretary/city-contracts/
HIGH,8,Golf,2020,golf course,priority category; 2 unique versions; infrastructure/money keyword,2,2,text/html,http://www.copperascovetx.gov:80/golf_course/,https://web.archive.org/web/20200523165957/http://www.copperascovetx.gov:80/golf_course/,https://web.archive.org/web/*/http://www.copperascovetx.gov:80/golf_course/
HIGH,8,Wastewater,2018,fog,priority category; 2 unique versions; infrastructure/money keyword,2,2,text/html,http://www.copperascovetx.gov/public_works/sewer/fog/,https://web.archive.org/web/20180101210952/http://www.copperascovetx.gov/public_works/sewer/fog/,https://web.archive.org/web/*/http://www.copperascovetx.gov/public_works/sewer/fog/
HIGH,8,Water,2014,water reports.htm,priority category; 2 unique versions; infrastructure/money keyword,2,2,text/html,http://www.copperascovetx.gov/pages/water/water_reports.htm,https://web.archive.org/web/20141209195933/http://www.copperascovetx.gov/pages/water/water_reports.htm,https://web.archive.org/web/*/http://www.copperascovetx.gov/pages/water/water_reports.htm
HIGH,8,Contracts / Bids,2016,2016 11 34.xlsx,priority category; infrastructure/money keyword; financial/project keyword,1,1,application/vnd.openxmlformats-officedocument.spreadsheetml.sheet,http://www.copperascovetx.gov/files/finance/bid_requests/2016-11-34/2016-11-34.xlsx,https://web.archive.org/web/20161228055418/http://www.copperascovetx.gov/files/finance/bid_requests/2016-11-34/2016-11-34.xlsx,https://web.archive.org/web/*/http://www.copperascovetx.gov/files/finance/bid_requests/2016-11-34/2016-11-34.xlsx
HIGH,8,Contracts / Bids,2016,2016 12 34.xlsx,priority category; infrastructure/money keyword; financial/project keyword,1,1,application/vnd.openxmlformats-officedocument.spreadsheetml.sheet,http://www.copperascovetx.gov/files/finance/bid_requests/2016-12-34/2016-12-34.xlsx,https://web.archive.org/web/20161228055930/http://www.copperascovetx.gov/files/finance/bid_requests/2016-12-34/2016-12-34.xlsx,https://web.archive.org/web/*/http://www.copperascovetx.gov/files/finance/bid_requests/2016-12-34/2016-12-34.xlsx
HIGH,8,Contracts / Bids,2016,Falloween Vendor App.pdf,priority category; infrastructure/money keyword; document/PDF,1,1,application/pdf,http://www.copperascovetx.gov/files/parks/falloween/Falloween_Vendor_App.pdf,https://web.archive.org/web/20161227072307/http://www.copperascovetx.gov/files/parks/falloween/Falloween_Vendor_App.pdf,https://web.archive.org/web/*/http://www.copperascovetx.gov/files/parks/falloween/Falloween_Vendor_App.pdf
HIGH,8,Contracts / Bids,2016,vendor app.pdf,priority category; infrastructure/money keyword; document/PDF,1,1,application/pdf,http://www.copperascovetx.gov/files/parks/tree_lighting/vendor_app.pdf,https://web.archive.org/web/20161223160440/http://www.copperascovetx.gov/files/parks/tree_lighting/vendor_app.pdf,https://web.archive.org/web/*/http://www.copperascovetx.gov/files/parks/tree_lighting/vendor_app.pdf
HIGH,8,Contracts / Bids,2020,Contractor Renewal Form.pdf,priority category; infrastructure/money keyword; document/PDF,1,1,application/pdf,https://www.copperascovetx.gov/files/forms/building/Contractor_Renewal_Form.pdf,https://web.archive.org/web/20201018185229/https://www.copperascovetx.gov/files/forms/building/Contractor_Renewal_Form.pdf,https://web.archive.org/web/*/https://www.copperascovetx.gov/files/forms/building/Contractor_Renewal_Form.pdf
HIGH,8,Contracts / Bids,2020,vendor application.pdf,priority category; infrastructure/money keyword; document/PDF,1,1,application/pdf,https://www.copperascovetx.gov/files/parks/tourism/vendor_application.pdf,https://web.archive.org/web/20201018090523/https://www.copperascovetx.gov/files/parks/tourism/vendor_application.pdf,https://web.archive.org/web/*/https://www.copperascovetx.gov/files/parks/tourism/vendor_application.pdf
HIGH,8,Contracts / Bids,2021,vendor application.pdf,priority category; infrastructure/money keyword; document/PDF,1,1,application/pdf,https://www.copperascovetx.gov/files/parks/farmers_market/vendor_application.pdf,https://web.archive.org/web/20211230191137/https://www.copperascovetx.gov/files/parks/farmers_market/vendor_application.pdf,https://web.archive.org/web/*/https://www.copperascovetx.gov/files/parks/farmers_market/vendor_application.pdf
HIGH,8,Contracts / Bids,2024,HICKS RAY ASSOSCIATES Agreement 12 12 2013.pdf,priority category; infrastructure/money keyword; document/PDF,5,1,application/pdf,https://www.copperascovetx.gov/files/city_secretary/contracts/HICKS-RAY%20ASSOSCIATES%20Agreement%2012-12-2013.pdf,https://web.archive.org/web/20240805143639/https://www.copperascovetx.gov/files/city_secretary/contracts/HICKS-RAY%20ASSOSCIATES%20Agreement%2012-12-2013.pdf,https://web.archive.org/web/*/https://www.copperascovetx.gov/files/city_secretary/contracts/HICKS-RAY%20ASSOSCIATES%20Agreement%2012-12-2013.pdf
HIGH,8,Contracts / Bids,2024,Hicks Ray Assoc. Services Agreement 10 DEC 2012.pdf,priority category; infrastructure/money keyword; document/PDF,5,1,application/pdf,https://www.copperascovetx.gov/files/city_secretary/contracts/Hicks-Ray%20Assoc.%20Services%20Agreement%2010%20DEC%202012.pdf,https://web.archive.org/web/20240804004111/https://www.copperascovetx.gov/files/city_secretary/contracts/Hicks-Ray%20Assoc.%20Services%20Agreement%2010%20DEC%202012.pdf,https://web.archive.org/web/*/https://www.copperascovetx.gov/files/city_secretary/contracts/Hicks-Ray%20Assoc.%20Services%20Agreement%2010%20DEC%202012.pdf
HIGH,8,Contracts / Bids,2025,2015 18 L5 E Contract Negotiation for Electric Supply after 12 21 17 PDF,priority category; infrastructure/money keyword; document/PDF,1,1,application/pdf,https://www.copperascovetx.gov/DocumentCenter/View/1156/2015-18-L5-E-Contract-Negotiation-for-Electric-Supply-after-12-21-17-PDF,https://web.archive.org/web/20250928102635/https://www.copperascovetx.gov/DocumentCenter/View/1156/2015-18-L5-E-Contract-Negotiation-for-Electric-Supply-after-12-21-17-PDF,https://web.archive.org/web/*/https://www.copperascovetx.gov/DocumentCenter/View/1156/2015-18-L5-E-Contract-Negotiation-for-Electric-Supply-after-12-21-17-PDF
HIGH,8,Contracts / Bids,2025,2015 25 Accepting a Sealed Bid for Property PDF,priority category; infrastructure/money keyword; document/PDF,1,1,application/pdf,https://www.copperascovetx.gov/DocumentCenter/View/1163/2015-25-Accepting-a-Sealed-Bid-for-Property-PDF,https://web.archive.org/web/20250928091348/https://www.copperascovetx.gov/DocumentCenter/View/1163/2015-25-Accepting-a-Sealed-Bid-for-Property-PDF,https://web.archive.org/web/*/https://www.copperascovetx.gov/DocumentCenter/View/1163/2015-25-Accepting-a-Sealed-Bid-for-Property-PDF
HIGH,8,Contracts / Bids,2025,2015 55 Contract with Coryell County for Onsite Sewage Services PDF,priority category; infrastructure/money keyword; document/PDF,1,1,application/pdf,https://www.copperascovetx.gov/DocumentCenter/View/1190/2015-55-Contract-with-Coryell-County-for-Onsite-Sewage-Services-PDF,https://web.archive.org/web/20250926175154/https://www.copperascovetx.gov/DocumentCenter/View/1190/2015-55-Contract-with-Coryell-County-for-Onsite-Sewage-Services-PDF,https://web.archive.org/web/*/https://www.copperascovetx.gov/DocumentCenter/View/1190/2015-55-Contract-with-Coryell-County-for-Onsite-Sewage-Services-PDF
HIGH,8,Contracts / Bids,2025,2015 57 Accepting Sealed Bid Received by the Lampasas Central Appraisal District for Property PDF,priority category; infrastructure/money keyword; document/PDF,1,1,application/pdf,https://www.copperascovetx.gov/DocumentCenter/View/1192/2015-57-Accepting-Sealed-Bid-Received-by-the-Lampasas-Central-Appraisal-District-for-Property-PDF,https://web.archive.org/web/20250925214757/https://www.copperascovetx.gov/DocumentCenter/View/1192/2015-57-Accepting-Sealed-Bid-Received-by-the-Lampasas-Central-Appraisal-District-for-Property-PDF,https://web.archive.org/web/*/https://www.copperascovetx.gov/DocumentCenter/View/1192/2015-57-Accepting-Sealed-Bid-Received-by-the-Lampasas-Central-Appraisal-District-for-Property-PDF
HIGH,8,Contracts / Bids,2025,2016 11 Authorizing L5 E Inc to Negotiate an Electric Supply Contract PDF,priority category; infrastructure/money keyword; document/PDF,1,1,application/pdf,https://www.copperascovetx.gov/DocumentCenter/View/1101/2016-11-Authorizing-L5-E-Inc-to-Negotiate-an-Electric-Supply-Contract-PDF,https://web.archive.org/web/20250926155128/https://www.copperascovetx.gov/DocumentCenter/View/1101/2016-11-Authorizing-L5-E-Inc-to-Negotiate-an-Electric-Supply-Contract-PDF,https://web.archive.org/web/*/https://www.copperascovetx.gov/DocumentCenter/View/1101/2016-11-Authorizing-L5-E-Inc-to-Negotiate-an-Electric-Supply-Contract-PDF
HIGH,8,Contracts / Bids,2025,2017 20 Rescinding Action Rejecting Property Bids PDF,priority category; infrastructure/money keyword; document/PDF,1,1,application/pdf,https://www.copperascovetx.gov/DocumentCenter/View/1065/2017-20-Rescinding-Action-Rejecting-Property-Bids-PDF,https://web.archive.org/web/20250925211425/https://www.copperascovetx.gov/DocumentCenter/View/1065/2017-20-Rescinding-Action-Rejecting-Property-Bids-PDF,https://web.archive.org/web/*/https://www.copperascovetx.gov/DocumentCenter/View/1065/2017-20-Rescinding-Action-Rejecting-Property-Bids-PDF
HIGH,8,Contracts / Bids,2025,2019 01 Authorizing Negotiation of Electric Supply Contract PDF,priority category; infrastructure/money keyword; document/PDF,1,1,application/pdf,https://www.copperascovetx.gov/DocumentCenter/View/966/2019-01-Authorizing-Negotiation-of-Electric-Supply-Contract-PDF,https://web.archive.org/web/20250928092703/https://www.copperascovetx.gov/DocumentCenter/View/966/2019-01-Authorizing-Negotiation-of-Electric-Supply-Contract-PDF,https://web.archive.org/web/*/https://www.copperascovetx.gov/DocumentCenter/View/966/2019-01-Authorizing-Negotiation-of-Electric-Supply-Contract-PDF
HIGH,8,Contracts / Bids,2025,2019 16 Rezoning of 1006 S 9th Street from B2 to R1 PDF,priority category; infrastructure/money keyword; document/PDF,1,1,application/pdf,https://www.copperascovetx.gov/DocumentCenter/View/464/2019-16-Rezoning-of-1006-S-9th-Street-from-B2-to-R1-PDF?bidId=,https://web.archive.org/web/20250929131410/https://www.copperascovetx.gov/DocumentCenter/View/464/2019-16-Rezoning-of-1006-S-9th-Street-from-B2-to-R1-PDF?bidId=,https://web.archive.org/web/*/https://www.copperascovetx.gov/DocumentCenter/View/464/2019-16-Rezoning-of-1006-S-9th-Street-from-B2-to-R1-PDF?bidId=
HIGH,8,Contracts / Bids,2025,2019 24 Zoning change for Liberty Star Addn Phase 2 from R 3 to R 1 PDF,priority category; infrastructure/money keyword; document/PDF,1,1,application/pdf,https://www.copperascovetx.gov/DocumentCenter/View/470/2019-24-Zoning-change-for-Liberty-Star-Addn-Phase-2-from-R-3-to-R-1-PDF?bidId=,https://web.archive.org/web/20250928104046/https://www.copperascovetx.gov/DocumentCenter/View/470/2019-24-Zoning-change-for-Liberty-Star-Addn-Phase-2-from-R-3-to-R-1-PDF?bidId=,https://web.archive.org/web/*/https://www.copperascovetx.gov/DocumentCenter/View/470/2019-24-Zoning-change-for-Liberty-Star-Addn-Phase-2-from-R-3-to-R-1-PDF?bidId=
HIGH,8,Contracts / Bids,2025,2021 44 Amending the Code of Ordinances Being Chapter 20 Zonning Article IV PDF,priority category; infrastructure/money keyword; document/PDF,1,1,application/pdf,https://www.copperascovetx.gov/DocumentCenter/View/437/2021-44-Amending-the-Code-of-Ordinances-Being-Chapter-20-Zonning-Article-IV-PDF?bidId=,https://web.archive.org/web/20250928111643/https://www.copperascovetx.gov/DocumentCenter/View/437/2021-44-Amending-the-Code-of-Ordinances-Being-Chapter-20-Zonning-Article-IV-PDF?bidId=,https://web.archive.org/web/*/https://www.copperascovetx.gov/DocumentCenter/View/437/2021-44-Amending-the-Code-of-Ordinances-Being-Chapter-20-Zonning-Article-IV-PDF?bidId=
HIGH,8,Contracts / Bids,2025,2024 NNO Vendor Form Fillable.pdf,priority category; infrastructure/money keyword; document/PDF,2,1,application/pdf,https://www.copperascovetx.gov/files/forms/police/2024%20NNO%20Vendor%20Form%20Fillable.pdf,https://web.archive.org/web/20250203022741/https://www.copperascovetx.gov/files/forms/police/2024%20NNO%20Vendor%20Form%20Fillable.pdf,https://web.archive.org/web/*/https://www.copperascovetx.gov/files/forms/police/2024%20NNO%20Vendor%20Form%20Fillable.pdf
HIGH,8,Contracts / Bids,2025,2025 NNO Block Party Registration Form PDF,priority category; infrastructure/money keyword; document/PDF,1,1,application/pdf,https://www.copperascovetx.gov/DocumentCenter/View/3796/2025-NNO-Block-Party-Registration-Form-PDF?bidId=,https://web.archive.org/web/20250927215240/https://www.copperascovetx.gov/DocumentCenter/View/3796/2025-NNO-Block-Party-Registration-Form-PDF?bidId=,https://web.archive.org/web/*/https://www.copperascovetx.gov/DocumentCenter/View/3796/2025-NNO-Block-Party-Registration-Form-PDF?bidId=
HIGH,8,Contracts / Bids,2025,Backflow PDF,priority category; infrastructure/money keyword; document/PDF,1,1,application/pdf,https://www.copperascovetx.gov/DocumentCenter/View/2232/Backflow-PDF?bidId=,https://web.archive.org/web/20250926203809/https://www.copperascovetx.gov/DocumentCenter/View/2232/Backflow-PDF?bidId=,https://web.archive.org/web/*/https://www.copperascovetx.gov/DocumentCenter/View/2232/Backflow-PDF?bidId=
HIGH,8,Contracts / Bids,2025,City Holiday Schedule Thanksgiving PDF,priority category; infrastructure/money keyword; document/PDF,1,1,application/pdf,https://www.copperascovetx.gov/DocumentCenter/View/4844/City-Holiday-Schedule---Thanksgiving-PDF?bidId=,https://web.archive.org/web/20251202204900/https://www.copperascovetx.gov/DocumentCenter/View/4844/City-Holiday-Schedule---Thanksgiving-PDF?bidId=,https://web.archive.org/web/*/https://www.copperascovetx.gov/DocumentCenter/View/4844/City-Holiday-Schedule---Thanksgiving-PDF?bidId=
HIGH,8,Contracts / Bids,2025,Claim Form A General Claim Form PDF,priority category; infrastructure/money keyword; document/PDF,1,1,application/pdf,https://www.copperascovetx.gov/DocumentCenter/View/1561/Claim-Form-A---General-Claim-Form-PDF?bidId=,https://web.archive.org/web/20251001032819/https://www.copperascovetx.gov/DocumentCenter/View/1561/Claim-Form-A---General-Claim-Form-PDF?bidId=,https://web.archive.org/web/*/https://www.copperascovetx.gov/DocumentCenter/View/1561/Claim-Form-A---General-Claim-Form-PDF?bidId=
HIGH,8,Contracts / Bids,2025,Claim Form C Business Owner Claim Form PDF,priority category; infrastructure/money keyword; document/PDF,1,1,application/pdf,https://www.copperascovetx.gov/DocumentCenter/View/1565/Claim-Form-C---Business-Owner-Claim-Form-PDF?bidId=,https://web.archive.org/web/20250928095354/https://www.copperascovetx.gov/DocumentCenter/View/1565/Claim-Form-C---Business-Owner-Claim-Form-PDF?bidId=,https://web.archive.org/web/*/https://www.copperascovetx.gov/DocumentCenter/View/1565/Claim-Form-C---Business-Owner-Claim-Form-PDF?bidId=
HIGH,8,Contracts / Bids,2025,Food Truck New Vendor Letter PDF,priority category; infrastructure/money keyword; document/PDF,1,1,application/pdf,https://www.copperascovetx.gov/DocumentCenter/View/2078/Food-Truck-New-Vendor-Letter-PDF,https://web.archive.org/web/20250928091432/https://www.copperascovetx.gov/DocumentCenter/View/2078/Food-Truck-New-Vendor-Letter-PDF,https://web.archive.org/web/*/https://www.copperascovetx.gov/DocumentCenter/View/2078/Food-Truck-New-Vendor-Letter-PDF
HIGH,8,Contracts / Bids,2025,Food Truck New Vendor Letter.pdf,priority category; infrastructure/money keyword; document/PDF,5,1,application/pdf,https://www.copperascovetx.gov/files/code_compliance/Food%20Truck%20New%20Vendor%20Letter.pdf,https://web.archive.org/web/20250803023847/https://www.copperascovetx.gov/files/code_compliance/Food%20Truck%20New%20Vendor%20Letter.pdf,https://web.archive.org/web/*/https://www.copperascovetx.gov/files/code_compliance/Food%20Truck%20New%20Vendor%20Letter.pdf
HIGH,8,Contracts / Bids,2025,General Inspection List PDF,priority category; infrastructure/money keyword; document/PDF,1,1,application/pdf,https://www.copperascovetx.gov/DocumentCenter/View/1566/General-Inspection-List-PDF?bidId=,https://web.archive.org/web/20250928045202/https://www.copperascovetx.gov/DocumentCenter/View/1566/General-Inspection-List-PDF?bidId=,https://web.archive.org/web/*/https://www.copperascovetx.gov/DocumentCenter/View/1566/General-Inspection-List-PDF?bidId=
HIGH,8,Contracts / Bids,2025,National Night Out Vendor Application PDF,priority category; infrastructure/money keyword; document/PDF,1,1,application/pdf,https://www.copperascovetx.gov/DocumentCenter/View/2276/National-Night-Out-Vendor-Application-PDF,https://web.archive.org/web/20250928104359/https://www.copperascovetx.gov/DocumentCenter/View/2276/National-Night-Out-Vendor-Application-PDF,https://web.archive.org/web/*/https://www.copperascovetx.gov/DocumentCenter/View/2276/National-Night-Out-Vendor-Application-PDF
HIGH,8,Contracts / Bids,2025,Spring Fest Beverage Vendor Application 2024.pdf,priority category; infrastructure/money keyword; document/PDF,2,1,application/pdf,https://www.copperascovetx.gov/files/parks/Special_Events/Spring%20Fest%20Beverage%20Vendor%20Application%202024.pdf,https://web.archive.org/web/20250326232736/https://www.copperascovetx.gov/files/parks/Special_Events/Spring%20Fest%20Beverage%20Vendor%20Application%202024.pdf,https://web.archive.org/web/*/https://www.copperascovetx.gov/files/parks/Special_Events/Spring%20Fest%20Beverage%20Vendor%20Application%202024.pdf
HIGH,8,Contracts / Bids,2025,Spring Fest Community Booth Vendor Application 2025.pdf,priority category; infrastructure/money keyword; document/PDF,2,1,application/pdf,https://www.copperascovetx.gov/files/parks/Special_Events/Spring%20Fest%20Community%20Booth%20Vendor%20Application%202025.pdf,https://web.archive.org/web/20250327011649/https://www.copperascovetx.gov/files/parks/Special_Events/Spring%20Fest%20Community%20Booth%20Vendor%20Application%202025.pdf,https://web.archive.org/web/*/https://www.copperascovetx.gov/files/parks/Special_Events/Spring%20Fest%20Community%20Booth%20Vendor%20Application%202025.pdf
HIGH,8,Contracts / Bids,2025,Spring Fest Market Vendor Application 2025.pdf,priority category; infrastructure/money keyword; document/PDF,2,1,application/pdf,https://www.copperascovetx.gov/files/parks/Special_Events/Spring%20Fest%20Market%20Vendor%20Application%202025.pdf,https://web.archive.org/web/20250327005319/https://www.copperascovetx.gov/files/parks/Special_Events/Spring%20Fest%20Market%20Vendor%20Application%202025.pdf,https://web.archive.org/web/*/https://www.copperascovetx.gov/files/parks/Special_Events/Spring%20Fest%20Market%20Vendor%20Application%202025.pdf
HIGH,8,Contracts / Bids,2026,Notice of Public Hearings 1 PDF,priority category; infrastructure/money keyword; document/PDF,1,1,application/pdf,https://www.copperascovetx.gov/DocumentCenter/View/5076/Notice-of-Public-Hearings-1-PDF?bidId=,https://web.archive.org/web/20260127123229/https://www.copperascovetx.gov/DocumentCenter/View/5076/Notice-of-Public-Hearings-1-PDF?bidId=,https://web.archive.org/web/*/https://www.copperascovetx.gov/DocumentCenter/View/5076/Notice-of-Public-Hearings-1-PDF?bidId=
HIGH,8,Contracts / Bids,2026,TCEQ Facts and Guidance PDF,priority category; infrastructure/money keyword; document/PDF,1,1,application/pdf,https://www.copperascovetx.gov/DocumentCenter/View/2184/TCEQ-Facts-and-Guidance-PDF?bidId=,https://web.archive.org/web/20260123044729/https://www.copperascovetx.gov/DocumentCenter/View/2184/TCEQ-Facts-and-Guidance-PDF?bidId=,https://web.archive.org/web/*/https://www.copperascovetx.gov/DocumentCenter/View/2184/TCEQ-Facts-and-Guidance-PDF?bidId=
HIGH,8,Debt / Capital,2021,DM8154293v1NoticeofElectionResultsNovember2021WebsitePostingCopperasCove.pdf,priority category; infrastructure/money keyword; document/PDF,1,1,application/pdf,https://www.copperascovetx.gov/files/city_secretary/bond/2021/DM8154293v1NoticeofElectionResultsNovember2021WebsitePostingCopperasCove.pdf,https://web.archive.org/web/20211207020739/https://www.copperascovetx.gov/files/city_secretary/bond/2021/DM8154293v1NoticeofElectionResultsNovember2021WebsitePostingCopperasCove.pdf,https://web.archive.org/web/*/https://www.copperascovetx.gov/files/city_secretary/bond/2021/DM8154293v1NoticeofElectionResultsNovember2021WebsitePostingCopperasCove.pdf
HIGH,8,Debt / Capital,2021,Version 3.0 CISA Guidance on Essential Critical Infrastructure Workers.pdf,priority category; infrastructure/money keyword; document/PDF,3,1,application/pdf,https://www.copperascovetx.gov/files/pio/covid-19/04-2020/Version_3.0_-_CISA_Guidance_on_Essential_Critical_Infrastructure_Workers.pdf,https://web.archive.org/web/20210729214055/https://www.copperascovetx.gov/files/pio/covid-19/04-2020/Version_3.0_-_CISA_Guidance_on_Essential_Critical_Infrastructure_Workers.pdf,https://web.archive.org/web/*/https://www.copperascovetx.gov/files/pio/covid-19/04-2020/Version_3.0_-_CISA_Guidance_on_Essential_Critical_Infrastructure_Workers.pdf
HIGH,8,Debt / Capital,2025,2017 18 Notice of Intent Certificates of Obligation Series 2017 PDF,priority category; infrastructure/money keyword; document/PDF,1,1,application/pdf,https://www.copperascovetx.gov/DocumentCenter/View/1063/2017-18-Notice-of-Intent-Certificates-of-Obligation-Series-2017-PDF,https://web.archive.org/web/20250928084658/https://www.copperascovetx.gov/DocumentCenter/View/1063/2017-18-Notice-of-Intent-Certificates-of-Obligation-Series-2017-PDF,https://web.archive.org/web/*/https://www.copperascovetx.gov/DocumentCenter/View/1063/2017-18-Notice-of-Intent-Certificates-of-Obligation-Series-2017-PDF
HIGH,8,Debt / Capital,2025,2018 21 Notice of Intention to Issue Certificates of Obligation PDF,priority category; infrastructure/money keyword; document/PDF,1,1,application/pdf,https://www.copperascovetx.gov/DocumentCenter/View/1021/2018-21-Notice-of-Intention-to-Issue-Certificates-of-Obligation-PDF,https://web.archive.org/web/20250925211446/https://www.copperascovetx.gov/DocumentCenter/View/1021/2018-21-Notice-of-Intention-to-Issue-Certificates-of-Obligation-PDF,https://web.archive.org/web/*/https://www.copperascovetx.gov/DocumentCenter/View/1021/2018-21-Notice-of-Intention-to-Issue-Certificates-of-Obligation-PDF
HIGH,8,Debt / Capital,2025,2018 50 Amending the Capital Outlay Plan for Fiscal Year 2018 2022 PDF,priority category; infrastructure/money keyword; document/PDF,1,1,application/pdf,https://www.copperascovetx.gov/DocumentCenter/View/1046/2018-50-Amending-the-Capital-Outlay-Plan-for-Fiscal-Year-2018-2022-PDF,https://web.archive.org/web/20250928013520/https://www.copperascovetx.gov/DocumentCenter/View/1046/2018-50-Amending-the-Capital-Outlay-Plan-for-Fiscal-Year-2018-2022-PDF,https://web.archive.org/web/*/https://www.copperascovetx.gov/DocumentCenter/View/1046/2018-50-Amending-the-Capital-Outlay-Plan-for-Fiscal-Year-2018-2022-PDF
HIGH,8,Debt / Capital,2025,2019 13 Amending the Capital Outlay Plan PDF,priority category; infrastructure/money keyword; document/PDF,1,1,application/pdf,https://www.copperascovetx.gov/DocumentCenter/View/461/2019-13-Amending-the-Capital-Outlay-Plan-PDF?bidId=,https://web.archive.org/web/20250929002436/https://www.copperascovetx.gov/DocumentCenter/View/461/2019-13-Amending-the-Capital-Outlay-Plan-PDF?bidId=,https://web.archive.org/web/*/https://www.copperascovetx.gov/DocumentCenter/View/461/2019-13-Amending-the-Capital-Outlay-Plan-PDF?bidId=
HIGH,8,Debt / Capital,2025,2020 15 Authorizing Pulication of Intention to Issue Certificates of Obligation and Providing Effective Date PDF,priority category; infrastructure/money keyword; document/PDF,1,1,application/pdf,https://www.copperascovetx.gov/DocumentCenter/View/937/2020-15-Authorizing-Pulication-of-Intention-to-Issue-Certificates-of-Obligation-and-Providing-Effective-Date-PDF,https://web.archive.org/web/20250928084949/https://www.copperascovetx.gov/DocumentCenter/View/937/2020-15-Authorizing-Pulication-of-Intention-to-Issue-Certificates-of-Obligation-and-Providing-Effective-Date-PDF,https://web.archive.org/web/*/https://www.copperascovetx.gov/DocumentCenter/View/937/2020-15-Authorizing-Pulication-of-Intention-to-Issue-Certificates-of-Obligation-and-Providing-Effective-Date-PDF
HIGH,8,Debt / Capital,2025,2021 35 Canvassing Returns and Declaring the Results of a Bond Election Held 11 2 2021 PDF,priority category; infrastructure/money keyword; document/PDF,1,1,application/pdf,https://www.copperascovetx.gov/DocumentCenter/View/897/2021-35-Canvassing-Returns-and-Declaring-the-Results-of-a-Bond-Election-Held-11-2-2021-PDF,https://web.archive.org/web/20250925215812/https://www.copperascovetx.gov/DocumentCenter/View/897/2021-35-Canvassing-Returns-and-Declaring-the-Results-of-a-Bond-Election-Held-11-2-2021-PDF,https://web.archive.org/web/*/https://www.copperascovetx.gov/DocumentCenter/View/897/2021-35-Canvassing-Returns-and-Declaring-the-Results-of-a-Bond-Election-Held-11-2-2021-PDF
HIGH,8,Debt / Capital,2025,2022 17 Publication of Notice of Intention To Issue Certificates of Obligation PDF,priority category; infrastructure/money keyword; document/PDF,1,1,application/pdf,https://www.copperascovetx.gov/DocumentCenter/View/856/2022-17-Publication-of-Notice-of-Intention-To-Issue-Certificates-of-Obligation-PDF,https://web.archive.org/web/20250925223820/https://www.copperascovetx.gov/DocumentCenter/View/856/2022-17-Publication-of-Notice-of-Intention-To-Issue-Certificates-of-Obligation-PDF,https://web.archive.org/web/*/https://www.copperascovetx.gov/DocumentCenter/View/856/2022-17-Publication-of-Notice-of-Intention-To-Issue-Certificates-of-Obligation-PDF
HIGH,8,Debt / Capital,2025,2024 10 Authorizing Publication of Notice of Intention to Issue Certificates of Obligation PDF,priority category; infrastructure/money keyword; document/PDF,1,1,application/pdf,https://www.copperascovetx.gov/DocumentCenter/View/794/2024-10-Authorizing-Publication-of-Notice-of-Intention-to-Issue-Certificates-of-Obligation-PDF,https://web.archive.org/web/20250925231412/https://www.copperascovetx.gov/DocumentCenter/View/794/2024-10-Authorizing-Publication-of-Notice-of-Intention-to-Issue-Certificates-of-Obligation-PDF,https://web.archive.org/web/*/https://www.copperascovetx.gov/DocumentCenter/View/794/2024-10-Authorizing-Publication-of-Notice-of-Intention-to-Issue-Certificates-of-Obligation-PDF
HIGH,8,Debt / Capital,2025,2025 21 Adopting the Debt Management Policy PDF,priority category; infrastructure/money keyword; document/PDF,1,1,application/pdf,https://www.copperascovetx.gov/DocumentCenter/View/4685/2025-21-Adopting-the-Debt-Management-Policy-PDF,https://web.archive.org/web/20250928101421/https://www.copperascovetx.gov/DocumentCenter/View/4685/2025-21-Adopting-the-Debt-Management-Policy-PDF,https://web.archive.org/web/*/https://www.copperascovetx.gov/DocumentCenter/View/4685/2025-21-Adopting-the-Debt-Management-Policy-PDF
HIGH,8,Debt / Capital,2025,2025 24 Adopting the CIP for 2026 2030 PDF,priority category; infrastructure/money keyword; document/PDF,1,1,application/pdf,https://www.copperascovetx.gov/DocumentCenter/View/4636/2025-24-Adopting-the-CIP-for-2026-2030-PDF,https://web.archive.org/web/20251206150801/https://www.copperascovetx.gov/DocumentCenter/View/4636/2025-24-Adopting-the-CIP-for-2026-2030-PDF,https://web.archive.org/web/*/https://www.copperascovetx.gov/DocumentCenter/View/4636/2025-24-Adopting-the-CIP-for-2026-2030-PDF
HIGH,8,Debt / Capital,2025,CERTIFICATE OF OCCUPANCY PDF,priority category; infrastructure/money keyword; document/PDF,1,1,application/pdf,https://www.copperascovetx.gov/DocumentCenter/View/3809/CERTIFICATE-OF-OCCUPANCY-PDF,https://web.archive.org/web/20250926084149/https://www.copperascovetx.gov/DocumentCenter/View/3809/CERTIFICATE-OF-OCCUPANCY-PDF,https://web.archive.org/web/*/https://www.copperascovetx.gov/DocumentCenter/View/3809/CERTIFICATE-OF-OCCUPANCY-PDF
HIGH,8,Debt / Capital,2025,Engineering,priority category; infrastructure/money keyword; financial/project keyword,1,1,text/html,https://www.copperascovetx.gov/214/Engineering,https://web.archive.org/web/20250928110218/https://www.copperascovetx.gov/214/Engineering,https://web.archive.org/web/*/https://www.copperascovetx.gov/214/Engineering
HIGH,8,Debt / Capital,2025,capital improvement plan cip town hall meeting,priority category; infrastructure/money keyword; financial/project keyword,1,1,text/html,https://www.copperascovetx.gov/event/capital-improvement-plan-cip-town-hall-meeting/,https://web.archive.org/web/20250318222600/https://www.copperascovetx.gov/event/capital-improvement-plan-cip-town-hall-meeting/,https://web.archive.org/web/*/https://www.copperascovetx.gov/event/capital-improvement-plan-cip-town-hall-meeting/
HIGH,8,Debt / Capital,2025,capital improvement plan cip town hall meeting,priority category; infrastructure/money keyword; financial/project keyword,1,1,text/html,https://www.copperascovetx.gov/event/capital-improvement-plan-cip-town-hall-meeting/?instance_id=166,https://web.archive.org/web/20250319062313/https://www.copperascovetx.gov/event/capital-improvement-plan-cip-town-hall-meeting/?instance_id=166,https://web.archive.org/web/*/https://www.copperascovetx.gov/event/capital-improvement-plan-cip-town-hall-meeting/?instance_id=166
HIGH,8,Debt / Capital,2025,cip.pdf,priority category; infrastructure/money keyword; document/PDF,4,1,application/pdf,https://www.copperascovetx.gov/files/pio/press_releases/01-19/cip.pdf,https://web.archive.org/web/20250210215831/https://www.copperascovetx.gov/files/pio/press_releases/01-19/cip.pdf,https://web.archive.org/web/*/https://www.copperascovetx.gov/files/pio/press_releases/01-19/cip.pdf
HIGH,8,Dominion / Grants,2025,2015 04 Grant From the Criminal Justice Division of the Office of the Governor PDF,priority category; infrastructure/money keyword; document/PDF,1,1,application/pdf,https://www.copperascovetx.gov/DocumentCenter/View/1144/2015-04-Grant-From-the-Criminal-Justice-Division-of-the-Office-of-the-Governor-PDF,https://web.archive.org/web/20250928102843/https://www.copperascovetx.gov/DocumentCenter/View/1144/2015-04-Grant-From-the-Criminal-Justice-Division-of-the-Office-of-the-Governor-PDF,https://web.archive.org/web/*/https://www.copperascovetx.gov/DocumentCenter/View/1144/2015-04-Grant-From-the-Criminal-Justice-Division-of-the-Office-of-the-Governor-PDF
HIGH,8,Dominion / Grants,2025,2015 06 Authorizing the Submission of A Texas Comm Development Block Grant PDF,priority category; infrastructure/money keyword; document/PDF,1,1,application/pdf,https://www.copperascovetx.gov/DocumentCenter/View/1146/2015-06-Authorizing-the-Submission-of-A-Texas-Comm-Development-Block-Grant-PDF,https://web.archive.org/web/20250925210750/https://www.copperascovetx.gov/DocumentCenter/View/1146/2015-06-Authorizing-the-Submission-of-A-Texas-Comm-Development-Block-Grant-PDF,https://web.archive.org/web/*/https://www.copperascovetx.gov/DocumentCenter/View/1146/2015-06-Authorizing-the-Submission-of-A-Texas-Comm-Development-Block-Grant-PDF
HIGH,8,Dominion / Grants,2025,2015 13 Fire Prevention and Safety Grant PDF,priority category; infrastructure/money keyword; document/PDF,1,1,application/pdf,https://www.copperascovetx.gov/DocumentCenter/View/1152/2015-13-Fire-Prevention-and-Safety-Grant-PDF,https://web.archive.org/web/20250926100119/https://www.copperascovetx.gov/DocumentCenter/View/1152/2015-13-Fire-Prevention-and-Safety-Grant-PDF,https://web.archive.org/web/*/https://www.copperascovetx.gov/DocumentCenter/View/1152/2015-13-Fire-Prevention-and-Safety-Grant-PDF
HIGH,8,Dominion / Grants,2025,2015 20 COPS CHP Grant PDF,priority category; infrastructure/money keyword; document/PDF,1,1,application/pdf,https://www.copperascovetx.gov/DocumentCenter/View/1158/2015-20-COPS-CHP-Grant-PDF,https://web.archive.org/web/20250928113950/https://www.copperascovetx.gov/DocumentCenter/View/1158/2015-20-COPS-CHP-Grant-PDF,https://web.archive.org/web/*/https://www.copperascovetx.gov/DocumentCenter/View/1158/2015-20-COPS-CHP-Grant-PDF
HIGH,8,Dominion / Grants,2025,2016 02 Application for an Emergency Management Performance Grant PDF,priority category; infrastructure/money keyword; document/PDF,1,1,application/pdf,https://www.copperascovetx.gov/DocumentCenter/View/1092/2016-02-Application-for-an-Emergency-Management-Performance-Grant-PDF,https://web.archive.org/web/20250929040642/https://www.copperascovetx.gov/DocumentCenter/View/1092/2016-02-Application-for-an-Emergency-Management-Performance-Grant-PDF,https://web.archive.org/web/*/https://www.copperascovetx.gov/DocumentCenter/View/1092/2016-02-Application-for-an-Emergency-Management-Performance-Grant-PDF
HIGH,8,Dominion / Grants,2025,2016 09 OOG and CJD Justice Assistance Grant Program PDF,priority category; infrastructure/money keyword; document/PDF,1,1,application/pdf,https://www.copperascovetx.gov/DocumentCenter/View/1099/2016-09-OOG-and-CJD-Justice-Assistance-Grant-Program-PDF,https://web.archive.org/web/20250925210822/https://www.copperascovetx.gov/DocumentCenter/View/1099/2016-09-OOG-and-CJD-Justice-Assistance-Grant-Program-PDF,https://web.archive.org/web/*/https://www.copperascovetx.gov/DocumentCenter/View/1099/2016-09-OOG-and-CJD-Justice-Assistance-Grant-Program-PDF
HIGH,8,Dominion / Grants,2025,2016 12 Allowing for the City to Apply for a SAFER Grant PDF,priority category; infrastructure/money keyword; document/PDF,1,1,application/pdf,https://www.copperascovetx.gov/DocumentCenter/View/1102/2016-12-Allowing-for-the-City-to-Apply-for-a-SAFER-Grant-PDF,https://web.archive.org/web/20250925213104/https://www.copperascovetx.gov/DocumentCenter/View/1102/2016-12-Allowing-for-the-City-to-Apply-for-a-SAFER-Grant-PDF,https://web.archive.org/web/*/https://www.copperascovetx.gov/DocumentCenter/View/1102/2016-12-Allowing-for-the-City-to-Apply-for-a-SAFER-Grant-PDF
HIGH,8,Dominion / Grants,2025,2016 41 Designation of City Manager to Apply for Homeland Security Grant PDF,priority category; infrastructure/money keyword; document/PDF,1,1,application/pdf,https://www.copperascovetx.gov/DocumentCenter/View/1126/2016-41-Designation-of-City-Manager-to-Apply-for-Homeland-Security-Grant-PDF,https://web.archive.org/web/20250928230643/https://www.copperascovetx.gov/DocumentCenter/View/1126/2016-41-Designation-of-City-Manager-to-Apply-for-Homeland-Security-Grant-PDF,https://web.archive.org/web/*/https://www.copperascovetx.gov/DocumentCenter/View/1126/2016-41-Designation-of-City-Manager-to-Apply-for-Homeland-Security-Grant-PDF
HIGH,8,Dominion / Grants,2025,2017 06 OOG and CJD Justice Assistance Grant Program PDF,priority category; infrastructure/money keyword; document/PDF,1,1,application/pdf,https://www.copperascovetx.gov/DocumentCenter/View/1052/2017-06-OOG-and-CJD-Justice-Assistance-Grant-Program-PDF,https://web.archive.org/web/20250925210908/https://www.copperascovetx.gov/DocumentCenter/View/1052/2017-06-OOG-and-CJD-Justice-Assistance-Grant-Program-PDF,https://web.archive.org/web/*/https://www.copperascovetx.gov/DocumentCenter/View/1052/2017-06-OOG-and-CJD-Justice-Assistance-Grant-Program-PDF
HIGH,8,Dominion / Grants,2025,2017 09 Designation of City Manager to Apply for Homeland Security Grants PDF,priority category; infrastructure/money keyword; document/PDF,1,1,application/pdf,https://www.copperascovetx.gov/DocumentCenter/View/1055/2017-09-Designation-of-City-Manager-to-Apply-for-Homeland-Security-Grants-PDF,https://web.archive.org/web/20250925210630/https://www.copperascovetx.gov/DocumentCenter/View/1055/2017-09-Designation-of-City-Manager-to-Apply-for-Homeland-Security-Grants-PDF,https://web.archive.org/web/*/https://www.copperascovetx.gov/DocumentCenter/View/1055/2017-09-Designation-of-City-Manager-to-Apply-for-Homeland-Security-Grants-PDF
HIGH,8,Dominion / Grants,2025,2018 01 Emergency Management Performance Grant PDF,priority category; infrastructure/money keyword; document/PDF,1,1,application/pdf,https://www.copperascovetx.gov/DocumentCenter/View/1003/2018-01-Emergency-Management-Performance-Grant-PDF,https://web.archive.org/web/20250925210323/https://www.copperascovetx.gov/DocumentCenter/View/1003/2018-01-Emergency-Management-Performance-Grant-PDF,https://web.archive.org/web/*/https://www.copperascovetx.gov/DocumentCenter/View/1003/2018-01-Emergency-Management-Performance-Grant-PDF
HIGH,8,Dominion / Grants,2025,2018 02 Homeland Security Grant PDF,priority category; infrastructure/money keyword; document/PDF,1,1,application/pdf,https://www.copperascovetx.gov/DocumentCenter/View/1004/2018-02-Homeland-Security-Grant-PDF,https://web.archive.org/web/20250925211220/https://www.copperascovetx.gov/DocumentCenter/View/1004/2018-02-Homeland-Security-Grant-PDF,https://web.archive.org/web/*/https://www.copperascovetx.gov/DocumentCenter/View/1004/2018-02-Homeland-Security-Grant-PDF
HIGH,8,Dominion / Grants,2025,2018 04 Authorized Official Homeland Security Grants PDF,priority category; infrastructure/money keyword; document/PDF,1,1,application/pdf,https://www.copperascovetx.gov/DocumentCenter/View/1005/2018-04-Authorized-Official-Homeland-Security-Grants-PDF,https://web.archive.org/web/20250925210615/https://www.copperascovetx.gov/DocumentCenter/View/1005/2018-04-Authorized-Official-Homeland-Security-Grants-PDF,https://web.archive.org/web/*/https://www.copperascovetx.gov/DocumentCenter/View/1005/2018-04-Authorized-Official-Homeland-Security-Grants-PDF
HIGH,8,Dominion / Grants,2025,2018 06 Authorized Official Emergency Management Performance Grant PDF,priority category; infrastructure/money keyword; document/PDF,1,1,application/pdf,https://www.copperascovetx.gov/DocumentCenter/View/1007/2018-06-Authorized-Official-Emergency-Management-Performance-Grant-PDF,https://web.archive.org/web/20250928105250/https://www.copperascovetx.gov/DocumentCenter/View/1007/2018-06-Authorized-Official-Emergency-Management-Performance-Grant-PDF,https://web.archive.org/web/*/https://www.copperascovetx.gov/DocumentCenter/View/1007/2018-06-Authorized-Official-Emergency-Management-Performance-Grant-PDF
HIGH,8,Dominion / Grants,2025,2018 07 Authorized Official Texas Parks and Wildlife Grants PDF,priority category; infrastructure/money keyword; document/PDF,1,1,application/pdf,https://www.copperascovetx.gov/DocumentCenter/View/1008/2018-07-Authorized-Official-Texas-Parks-and-Wildlife-Grants-PDF,https://web.archive.org/web/20250928100301/https://www.copperascovetx.gov/DocumentCenter/View/1008/2018-07-Authorized-Official-Texas-Parks-and-Wildlife-Grants-PDF,https://web.archive.org/web/*/https://www.copperascovetx.gov/DocumentCenter/View/1008/2018-07-Authorized-Official-Texas-Parks-and-Wildlife-Grants-PDF
HIGH,8,Dominion / Grants,2025,2018 09 Authorized Official Justice Assistance Grant PDF,priority category; infrastructure/money keyword; document/PDF,1,1,application/pdf,https://www.copperascovetx.gov/DocumentCenter/View/1010/2018-09-Authorized-Official-Justice-Assistance-Grant-PDF,https://web.archive.org/web/20250928100527/https://www.copperascovetx.gov/DocumentCenter/View/1010/2018-09-Authorized-Official-Justice-Assistance-Grant-PDF,https://web.archive.org/web/*/https://www.copperascovetx.gov/DocumentCenter/View/1010/2018-09-Authorized-Official-Justice-Assistance-Grant-PDF
HIGH,8,Dominion / Grants,2025,2018 10 Authorized Official Bulletproof Vest Partnership Program Grant PDF,priority category; infrastructure/money keyword; document/PDF,1,1,application/pdf,https://www.copperascovetx.gov/DocumentCenter/View/1011/2018-10-Authorized-Official-Bulletproof-Vest-Partnership-Program-Grant-PDF,https://web.archive.org/web/20250928022828/https://www.copperascovetx.gov/DocumentCenter/View/1011/2018-10-Authorized-Official-Bulletproof-Vest-Partnership-Program-Grant-PDF,https://web.archive.org/web/*/https://www.copperascovetx.gov/DocumentCenter/View/1011/2018-10-Authorized-Official-Bulletproof-Vest-Partnership-Program-Grant-PDF
HIGH,8,Dominion / Grants,2025,2018 28 TSLAC Loan Lending Reimbursement Grant PDF,priority category; infrastructure/money keyword; document/PDF,1,1,application/pdf,https://www.copperascovetx.gov/DocumentCenter/View/1027/2018-28-TSLAC-Loan-Lending-Reimbursement-Grant-PDF,https://web.archive.org/web/20250926100222/https://www.copperascovetx.gov/DocumentCenter/View/1027/2018-28-TSLAC-Loan-Lending-Reimbursement-Grant-PDF,https://web.archive.org/web/*/https://www.copperascovetx.gov/DocumentCenter/View/1027/2018-28-TSLAC-Loan-Lending-Reimbursement-Grant-PDF
HIGH,8,Dominion / Grants,2025,2018 33 FY2018 JAG Grant Application PDF,priority category; infrastructure/money keyword; document/PDF,1,1,application/pdf,https://www.copperascovetx.gov/DocumentCenter/View/1031/2018-33-FY2018-JAG-Grant-Application-PDF,https://web.archive.org/web/20250928190639/https://www.copperascovetx.gov/DocumentCenter/View/1031/2018-33-FY2018-JAG-Grant-Application-PDF,https://web.archive.org/web/*/https://www.copperascovetx.gov/DocumentCenter/View/1031/2018-33-FY2018-JAG-Grant-Application-PDF
HIGH,8,Dominion / Grants,2025,2018 38 Spay and Neuter Grant PDF,priority category; infrastructure/money keyword; document/PDF,1,1,application/pdf,https://www.copperascovetx.gov/DocumentCenter/View/1036/2018-38-Spay-and-Neuter-Grant-PDF,https://web.archive.org/web/20250928110804/https://www.copperascovetx.gov/DocumentCenter/View/1036/2018-38-Spay-and-Neuter-Grant-PDF,https://web.archive.org/web/*/https://www.copperascovetx.gov/DocumentCenter/View/1036/2018-38-Spay-and-Neuter-Grant-PDF
HIGH,8,Dominion / Grants,2025,2018 47 Authorizing City Manager to Apply Accept Reject Alter or Terminate a Grant PDF,priority category; infrastructure/money keyword; document/PDF,1,1,application/pdf,https://www.copperascovetx.gov/DocumentCenter/View/1043/2018-47-Authorizing-City-Manager-to-Apply-Accept-Reject-Alter-or-Terminate-a-Grant-PDF,https://web.archive.org/web/20250927084807/https://www.copperascovetx.gov/DocumentCenter/View/1043/2018-47-Authorizing-City-Manager-to-Apply-Accept-Reject-Alter-or-Terminate-a-Grant-PDF,https://web.archive.org/web/*/https://www.copperascovetx.gov/DocumentCenter/View/1043/2018-47-Authorizing-City-Manager-to-Apply-Accept-Reject-Alter-or-Terminate-a-Grant-PDF
HIGH,8,Dominion / Grants,2025,2018 48 Authorizing City Manager to Apply Accept Reject Alter or Terminate a Grant PDF,priority category; infrastructure/money keyword; document/PDF,1,1,application/pdf,https://www.copperascovetx.gov/DocumentCenter/View/1044/2018-48-Authorizing-City-Manager-to-Apply-Accept-Reject-Alter-or-Terminate-a-Grant-PDF,https://web.archive.org/web/20250925210228/https://www.copperascovetx.gov/DocumentCenter/View/1044/2018-48-Authorizing-City-Manager-to-Apply-Accept-Reject-Alter-or-Terminate-a-Grant-PDF,https://web.archive.org/web/*/https://www.copperascovetx.gov/DocumentCenter/View/1044/2018-48-Authorizing-City-Manager-to-Apply-Accept-Reject-Alter-or-Terminate-a-Grant-PDF
HIGH,8,Dominion / Grants,2025,2019 02 Emergency Management Grant PDF,priority category; infrastructure/money keyword; document/PDF,1,1,application/pdf,https://www.copperascovetx.gov/DocumentCenter/View/967/2019-02-Emergency-Management-Grant-PDF,https://web.archive.org/web/20250928090919/https://www.copperascovetx.gov/DocumentCenter/View/967/2019-02-Emergency-Management-Grant-PDF,https://web.archive.org/web/*/https://www.copperascovetx.gov/DocumentCenter/View/967/2019-02-Emergency-Management-Grant-PDF
HIGH,8,Dominion / Grants,2025,2019 05 Justice Assistance Grant PDF,priority category; infrastructure/money keyword; document/PDF,1,1,application/pdf,https://www.copperascovetx.gov/DocumentCenter/View/970/2019-05-Justice-Assistance-Grant-PDF,https://web.archive.org/web/20250925214431/https://www.copperascovetx.gov/DocumentCenter/View/970/2019-05-Justice-Assistance-Grant-PDF,https://web.archive.org/web/*/https://www.copperascovetx.gov/DocumentCenter/View/970/2019-05-Justice-Assistance-Grant-PDF
HIGH,8,Dominion / Grants,2025,2019 18 Authorizing and Designating the CM to Apply Accept Reject Alter Terminate and Close Hancher Library Grants PDF,priority category; infrastructure/money keyword; document/PDF,1,1,application/pdf,https://www.copperascovetx.gov/DocumentCenter/View/977/2019-18-Authorizing-and-Designating-the-CM-to-Apply-Accept-Reject-Alter-Terminate-and-Close-Hancher-Library-Grants-PDF,https://web.archive.org/web/20250928094323/https://www.copperascovetx.gov/DocumentCenter/View/977/2019-18-Authorizing-and-Designating-the-CM-to-Apply-Accept-Reject-Alter-Terminate-and-Close-Hancher-Library-Grants-PDF,https://web.archive.org/web/*/https://www.copperascovetx.gov/DocumentCenter/View/977/2019-18-Authorizing-and-Designating-the-CM-to-Apply-Accept-Reject-Alter-Terminate-and-Close-Hancher-Library-Grants-PDF
HIGH,8,Dominion / Grants,2025,2019 21 Authorization of CM to Apply Accet Reject Alter and Terminate a Grant From OJPBJA JAG PDF,priority category; infrastructure/money keyword; document/PDF,1,1,application/pdf,https://www.copperascovetx.gov/DocumentCenter/View/980/2019-21-Authorization-of-CM-to-Apply-Accet-Reject-Alter-and-Terminate-a-Grant-From-OJPBJA-JAG-PDF,https://web.archive.org/web/20250928082658/https://www.copperascovetx.gov/DocumentCenter/View/980/2019-21-Authorization-of-CM-to-Apply-Accet-Reject-Alter-and-Terminate-a-Grant-From-OJPBJA-JAG-PDF,https://web.archive.org/web/*/https://www.copperascovetx.gov/DocumentCenter/View/980/2019-21-Authorization-of-CM-to-Apply-Accet-Reject-Alter-and-Terminate-a-Grant-From-OJPBJA-JAG-PDF
HIGH,8,Dominion / Grants,2025,2020 04 Grant Authorization for Fiscal Year 2021 Justice Assistance Grant Program PDF,priority category; infrastructure/money keyword; document/PDF,1,1,application/pdf,https://www.copperascovetx.gov/DocumentCenter/View/927/2020-04-Grant-Authorization-for-Fiscal-Year-2021-Justice-Assistance-Grant-Program-PDF,https://web.archive.org/web/20250926095949/https://www.copperascovetx.gov/DocumentCenter/View/927/2020-04-Grant-Authorization-for-Fiscal-Year-2021-Justice-Assistance-Grant-Program-PDF,https://web.archive.org/web/*/https://www.copperascovetx.gov/DocumentCenter/View/927/2020-04-Grant-Authorization-for-Fiscal-Year-2021-Justice-Assistance-Grant-Program-PDF
HIGH,8,Dominion / Grants,2025,2020 05 Grant Authorization for Fiscal Year 2020 Defense Economic Adjustment Assistance Grant Program PDF,priority category; infrastructure/money keyword; document/PDF,1,1,application/pdf,https://www.copperascovetx.gov/DocumentCenter/View/928/2020-05-Grant-Authorization-for-Fiscal-Year-2020-Defense-Economic-Adjustment-Assistance-Grant-Program-PDF,https://web.archive.org/web/20250925210541/https://www.copperascovetx.gov/DocumentCenter/View/928/2020-05-Grant-Authorization-for-Fiscal-Year-2020-Defense-Economic-Adjustment-Assistance-Grant-Program-PDF,https://web.archive.org/web/*/https://www.copperascovetx.gov/DocumentCenter/View/928/2020-05-Grant-Authorization-for-Fiscal-Year-2020-Defense-Economic-Adjustment-Assistance-Grant-Program-PDF
HIGH,8,Dominion / Grants,2025,2020 13 Allowing City Manager to Conduct Actions for a Bureau of Justice Grant for the Corona Virus PDF,priority category; infrastructure/money keyword; document/PDF,1,1,application/pdf,https://www.copperascovetx.gov/DocumentCenter/View/935/2020-13-Allowing-City-Manager-to-Conduct-Actions-for-a-Bureau-of-Justice-Grant-for-the-Corona-Virus-PDF,https://web.archive.org/web/20250926061435/https://www.copperascovetx.gov/DocumentCenter/View/935/2020-13-Allowing-City-Manager-to-Conduct-Actions-for-a-Bureau-of-Justice-Grant-for-the-Corona-Virus-PDF,https://web.archive.org/web/*/https://www.copperascovetx.gov/DocumentCenter/View/935/2020-13-Allowing-City-Manager-to-Conduct-Actions-for-a-Bureau-of-Justice-Grant-for-the-Corona-Virus-PDF
HIGH,8,Dominion / Grants,2025,2020 14 Bureau of Justice Assistance Program for BVP Authorizing Police Chief to act as Chief Executive for Grant Requirements PDF,priority category; infrastructure/money keyword; document/PDF,1,1,application/pdf,https://www.copperascovetx.gov/DocumentCenter/View/936/2020-14-Bureau-of-Justice-Assistance-Program-for-BVP-Authorizing-Police-Chief-to-act-as-Chief-Executive-for-Grant-Requirements-PDF,https://web.archive.org/web/20250925212031/https://www.copperascovetx.gov/DocumentCenter/View/936/2020-14-Bureau-of-Justice-Assistance-Program-for-BVP-Authorizing-Police-Chief-to-act-as-Chief-Executive-for-Grant-Requirements-PDF,https://web.archive.org/web/*/https://www.copperascovetx.gov/DocumentCenter/View/936/2020-14-Bureau-of-Justice-Assistance-Program-for-BVP-Authorizing-Police-Chief-to-act-as-Chief-Executive-for-Grant-Requirements-PDF
HIGH,8,Dominion / Grants,2025,2020 16 City Manager Designation as Authorized Person for TCLAC Cares Grants Fiscal Year 2020 PDF,priority category; infrastructure/money keyword; document/PDF,1,1,application/pdf,https://www.copperascovetx.gov/DocumentCenter/View/938/2020-16-City-Manager-Designation-as-Authorized-Person-for-TCLAC-Cares-Grants-Fiscal-Year-2020-PDF,https://web.archive.org/web/20250925215226/https://www.copperascovetx.gov/DocumentCenter/View/938/2020-16-City-Manager-Designation-as-Authorized-Person-for-TCLAC-Cares-Grants-Fiscal-Year-2020-PDF,https://web.archive.org/web/*/https://www.copperascovetx.gov/DocumentCenter/View/938/2020-16-City-Manager-Designation-as-Authorized-Person-for-TCLAC-Cares-Grants-Fiscal-Year-2020-PDF
HIGH,8,Dominion / Grants,2025,2020 19 CEFS Grant COVID 19 PDF,priority category; infrastructure/money keyword; document/PDF,1,1,application/pdf,https://www.copperascovetx.gov/DocumentCenter/View/941/2020-19-CEFS-Grant-COVID-19-PDF,https://web.archive.org/web/20250925210019/https://www.copperascovetx.gov/DocumentCenter/View/941/2020-19-CEFS-Grant-COVID-19-PDF,https://web.archive.org/web/*/https://www.copperascovetx.gov/DocumentCenter/View/941/2020-19-CEFS-Grant-COVID-19-PDF
HIGH,8,Dominion / Grants,2025,2020 28 Grant from the Office of Justice Programs PDF,priority category; infrastructure/money keyword; document/PDF,1,1,application/pdf,https://www.copperascovetx.gov/DocumentCenter/View/949/2020-28-Grant-from-the-Office-of-Justice-Programs-PDF,https://web.archive.org/web/20250925212434/https://www.copperascovetx.gov/DocumentCenter/View/949/2020-28-Grant-from-the-Office-of-Justice-Programs-PDF,https://web.archive.org/web/*/https://www.copperascovetx.gov/DocumentCenter/View/949/2020-28-Grant-from-the-Office-of-Justice-Programs-PDF
HIGH,8,Dominion / Grants,2025,2021 03 Authorizing the Chief of Police for Grants from OOG PSO CJD and JAG PDF,priority category; infrastructure/money keyword; document/PDF,1,1,application/pdf,https://www.copperascovetx.gov/DocumentCenter/View/909/2021-03-Authorizing-the-Chief-of-Police-for-Grants-from-OOG-PSO-CJD-and-JAG-PDF,https://web.archive.org/web/20250929042525/https://www.copperascovetx.gov/DocumentCenter/View/909/2021-03-Authorizing-the-Chief-of-Police-for-Grants-from-OOG-PSO-CJD-and-JAG-PDF,https://web.archive.org/web/*/https://www.copperascovetx.gov/DocumentCenter/View/909/2021-03-Authorizing-the-Chief-of-Police-for-Grants-from-OOG-PSO-CJD-and-JAG-PDF
HIGH,8,Dominion / Grants,2025,2021 04 Authorizing and Designating City Manager as the Authorized Person for all Homeland Security Grants PDF,priority category; infrastructure/money keyword; document/PDF,1,1,application/pdf,https://www.copperascovetx.gov/DocumentCenter/View/910/2021-04-Authorizing-and-Designating-City-Manager-as-the-Authorized-Person-for-all-Homeland-Security-Grants-PDF,https://web.archive.org/web/20250927192203/https://www.copperascovetx.gov/DocumentCenter/View/910/2021-04-Authorizing-and-Designating-City-Manager-as-the-Authorized-Person-for-all-Homeland-Security-Grants-PDF,https://web.archive.org/web/*/https://www.copperascovetx.gov/DocumentCenter/View/910/2021-04-Authorizing-and-Designating-City-Manager-as-the-Authorized-Person-for-all-Homeland-Security-Grants-PDF
HIGH,8,Dominion / Grants,2025,2021 15 Authorizing City Manager for Homeland Security Grant 4260201 PDF,priority category; infrastructure/money keyword; document/PDF,1,1,application/pdf,https://www.copperascovetx.gov/DocumentCenter/View/921/2021-15-Authorizing-City-Manager-for-Homeland-Security-Grant-4260201-PDF,https://web.archive.org/web/20250925211007/https://www.copperascovetx.gov/DocumentCenter/View/921/2021-15-Authorizing-City-Manager-for-Homeland-Security-Grant-4260201-PDF,https://web.archive.org/web/*/https://www.copperascovetx.gov/DocumentCenter/View/921/2021-15-Authorizing-City-Manager-for-Homeland-Security-Grant-4260201-PDF
HIGH,8,Dominion / Grants,2025,2021 16 Authorizing CM for Grant from the Department of Defense Ofice DCIP DOD LDCC PDF,priority category; infrastructure/money keyword; document/PDF,1,1,application/pdf,https://www.copperascovetx.gov/DocumentCenter/View/922/2021-16-Authorizing-CM-for-Grant-from-the-Department-of-Defense-Ofice-DCIP-DOD-LDCC-PDF,https://web.archive.org/web/20250928100405/https://www.copperascovetx.gov/DocumentCenter/View/922/2021-16-Authorizing-CM-for-Grant-from-the-Department-of-Defense-Ofice-DCIP-DOD-LDCC-PDF,https://web.archive.org/web/*/https://www.copperascovetx.gov/DocumentCenter/View/922/2021-16-Authorizing-CM-for-Grant-from-the-Department-of-Defense-Ofice-DCIP-DOD-LDCC-PDF
HIGH,8,Dominion / Grants,2025,2021 19 Authorizing Justice Assistance Grant PDF,priority category; infrastructure/money keyword; document/PDF,1,1,application/pdf,https://www.copperascovetx.gov/DocumentCenter/View/882/2021-19-Authorizing-Justice-Assistance-Grant-PDF,https://web.archive.org/web/20250925223627/https://www.copperascovetx.gov/DocumentCenter/View/882/2021-19-Authorizing-Justice-Assistance-Grant-PDF,https://web.archive.org/web/*/https://www.copperascovetx.gov/DocumentCenter/View/882/2021-19-Authorizing-Justice-Assistance-Grant-PDF
HIGH,8,Dominion / Grants,2025,2021 30 Justice Assistance Grant Program 2022 PDF,priority category; infrastructure/money keyword; document/PDF,1,1,application/pdf,https://www.copperascovetx.gov/DocumentCenter/View/892/2021-30-Justice-Assistance-Grant-Program-2022-PDF,https://web.archive.org/web/20250925212435/https://www.copperascovetx.gov/DocumentCenter/View/892/2021-30-Justice-Assistance-Grant-Program-2022-PDF,https://web.archive.org/web/*/https://www.copperascovetx.gov/DocumentCenter/View/892/2021-30-Justice-Assistance-Grant-Program-2022-PDF
HIGH,8,Dominion / Grants,2025,2022 28 Bullet Resistant Shield Grant Fiscal Year 2023 PDF,priority category; infrastructure/money keyword; document/PDF,1,1,application/pdf,https://www.copperascovetx.gov/DocumentCenter/View/866/2022-28-Bullet-Resistant-Shield-Grant-Fiscal-Year-2023-PDF,https://web.archive.org/web/20250927034232/https://www.copperascovetx.gov/DocumentCenter/View/866/2022-28-Bullet-Resistant-Shield-Grant-Fiscal-Year-2023-PDF,https://web.archive.org/web/*/https://www.copperascovetx.gov/DocumentCenter/View/866/2022-28-Bullet-Resistant-Shield-Grant-Fiscal-Year-2023-PDF
HIGH,8,Dominion / Grants,2025,2022 7 Emergency Management Performance Grant PDF,priority category; infrastructure/money keyword; document/PDF,1,1,application/pdf,https://www.copperascovetx.gov/DocumentCenter/View/877/2022-7-Emergency-Management-Performance-Grant-PDF,https://web.archive.org/web/20250928085255/https://www.copperascovetx.gov/DocumentCenter/View/877/2022-7-Emergency-Management-Performance-Grant-PDF,https://web.archive.org/web/*/https://www.copperascovetx.gov/DocumentCenter/View/877/2022-7-Emergency-Management-Performance-Grant-PDF
HIGH,8,Dominion / Grants,2025,2023 1 Office of the Governor OOG Public Safety Office PSO Criminal Justice Division CJD for Fiscal Year 20224 Grants PDF,priority category; infrastructure/money keyword; document/PDF,1,1,application/pdf,https://www.copperascovetx.gov/DocumentCenter/View/827/2023-1-Office-of-the-Governor-OOG-Public-Safety-Office-PSO-Criminal-Justice-Division-CJD-for-Fiscal-Year-20224-Grants-PDF,https://web.archive.org/web/20250927183140/https://www.copperascovetx.gov/DocumentCenter/View/827/2023-1-Office-of-the-Governor-OOG-Public-Safety-Office-PSO-Criminal-Justice-Division-CJD-for-Fiscal-Year-20224-Grants-PDF,https://web.archive.org/web/*/https://www.copperascovetx.gov/DocumentCenter/View/827/2023-1-Office-of-the-Governor-OOG-Public-Safety-Office-PSO-Criminal-Justice-Division-CJD-for-Fiscal-Year-20224-Grants-PDF
HIGH,8,Dominion / Grants,2025,2023 11 Grant from Texas Department of Agriculture for Fiscal Year 2023 Community Development Block Grant Program PDF,priority category; infrastructure/money keyword; document/PDF,1,1,application/pdf,https://www.copperascovetx.gov/DocumentCenter/View/834/2023-11-Grant-from-Texas-Department-of-Agriculture-for-Fiscal-Year-2023-Community-Development-Block-Grant-Program-PDF,https://web.archive.org/web/20250925222912/https://www.copperascovetx.gov/DocumentCenter/View/834/2023-11-Grant-from-Texas-Department-of-Agriculture-for-Fiscal-Year-2023-Community-Development-Block-Grant-Program-PDF,https://web.archive.org/web/*/https://www.copperascovetx.gov/DocumentCenter/View/834/2023-11-Grant-from-Texas-Department-of-Agriculture-for-Fiscal-Year-2023-Community-Development-Block-Grant-Program-PDF
HIGH,8,Dominion / Grants,2025,2023 13 Grant The United States Department of Energy Efficiency and Conservation PDF,priority category; infrastructure/money keyword; document/PDF,1,1,application/pdf,https://www.copperascovetx.gov/DocumentCenter/View/836/2023-13-Grant-The-United-States-Department-of-Energy-Efficiency-and-Conservation-PDF,https://web.archive.org/web/20250925211250/https://www.copperascovetx.gov/DocumentCenter/View/836/2023-13-Grant-The-United-States-Department-of-Energy-Efficiency-and-Conservation-PDF,https://web.archive.org/web/*/https://www.copperascovetx.gov/DocumentCenter/View/836/2023-13-Grant-The-United-States-Department-of-Energy-Efficiency-and-Conservation-PDF
HIGH,8,Dominion / Grants,2025,2023 16 Grant Application from the United States Department of Defense PDF,priority category; infrastructure/money keyword; document/PDF,1,1,application/pdf,https://www.copperascovetx.gov/DocumentCenter/View/838/2023-16-Grant-Application-from-the-United-States-Department-of-Defense-PDF,https://web.archive.org/web/20250928184923/https://www.copperascovetx.gov/DocumentCenter/View/838/2023-16-Grant-Application-from-the-United-States-Department-of-Defense-PDF,https://web.archive.org/web/*/https://www.copperascovetx.gov/DocumentCenter/View/838/2023-16-Grant-Application-from-the-United-States-Department-of-Defense-PDF
HIGH,8,Dominion / Grants,2025,2024 12 Grant from the Untited States Department of Defense Comply With Grant Requirements of the DCIP PDF,priority category; infrastructure/money keyword; document/PDF,1,1,application/pdf,https://www.copperascovetx.gov/DocumentCenter/View/796/2024-12-Grant-from-the-Untited-States-Department-of-Defense-Comply-With-Grant-Requirements-of-the-DCIP-PDF,https://web.archive.org/web/20250926033534/https://www.copperascovetx.gov/DocumentCenter/View/796/2024-12-Grant-from-the-Untited-States-Department-of-Defense-Comply-With-Grant-Requirements-of-the-DCIP-PDF,https://web.archive.org/web/*/https://www.copperascovetx.gov/DocumentCenter/View/796/2024-12-Grant-from-the-Untited-States-Department-of-Defense-Comply-With-Grant-Requirements-of-the-DCIP-PDF
HIGH,8,Dominion / Grants,2025,2024 17 Authorizing the City Manager to accept a Grant from the United States Department of Transportation PDF,priority category; infrastructure/money keyword; document/PDF,1,1,application/pdf,https://www.copperascovetx.gov/DocumentCenter/View/801/2024-17-Authorizing-the-City-Manager-to-accept-a-Grant-from-the-United-States-Department-of-Transportation-PDF,https://web.archive.org/web/20250925213935/https://www.copperascovetx.gov/DocumentCenter/View/801/2024-17-Authorizing-the-City-Manager-to-accept-a-Grant-from-the-United-States-Department-of-Transportation-PDF,https://web.archive.org/web/*/https://www.copperascovetx.gov/DocumentCenter/View/801/2024-17-Authorizing-the-City-Manager-to-accept-a-Grant-from-the-United-States-Department-of-Transportation-PDF
HIGH,8,Dominion / Grants,2025,2024 19 Grant for the Office of the Govenor Texas Military Preparedness Commission for the Defense Economic Adjustment Assitance Grant PDF,priority category; infrastructure/money keyword; document/PDF,1,1,application/pdf,https://www.copperascovetx.gov/DocumentCenter/View/803/2024-19-Grant-for-the-Office-of-the-Govenor-Texas-Military-Preparedness-Commission-for-the-Defense-Economic-Adjustment-Assitance-Grant-PDF,https://web.archive.org/web/20250925213506/https://www.copperascovetx.gov/DocumentCenter/View/803/2024-19-Grant-for-the-Office-of-the-Govenor-Texas-Military-Preparedness-Commission-for-the-Defense-Economic-Adjustment-Assitance-Grant-PDF,https://web.archive.org/web/*/https://www.copperascovetx.gov/DocumentCenter/View/803/2024-19-Grant-for-the-Office-of-the-Govenor-Texas-Military-Preparedness-Commission-for-the-Defense-Economic-Adjustment-Assitance-Grant-PDF
HIGH,8,Dominion / Grants,2025,2025 4 A Grant From The Office of The Governor Public Saftey Office Criminal Justice Division For The FY 2026 PDF,priority category; infrastructure/money keyword; document/PDF,1,1,application/pdf,https://www.copperascovetx.gov/DocumentCenter/View/4608/2025-4-A-Grant-From-The-Office-of-The-Governor_-Public-Saftey-Office_-Criminal-Justice-Division-For-The-FY-2026-PDF,https://web.archive.org/web/20250925222330/https://www.copperascovetx.gov/DocumentCenter/View/4608/2025-4-A-Grant-From-The-Office-of-The-Governor_-Public-Saftey-Office_-Criminal-Justice-Division-For-The-FY-2026-PDF,https://web.archive.org/web/*/https://www.copperascovetx.gov/DocumentCenter/View/4608/2025-4-A-Grant-From-The-Office-of-The-Governor_-Public-Saftey-Office_-Criminal-Justice-Division-For-The-FY-2026-PDF
HIGH,8,Golf,2016,02 04 16.pdf,priority category; infrastructure/money keyword; document/PDF,1,1,application/pdf,http://www.copperascovetx.gov/files/golf_course/gcab_minutes/2016/02-04-16.pdf,https://web.archive.org/web/20161228195434/http://www.copperascovetx.gov/files/golf_course/gcab_minutes/2016/02-04-16.pdf,https://web.archive.org/web/*/http://www.copperascovetx.gov/files/golf_course/gcab_minutes/2016/02-04-16.pdf
HIGH,8,Golf,2016,03 03 16.pdf,priority category; infrastructure/money keyword; document/PDF,1,1,application/pdf,http://www.copperascovetx.gov/files/golf_course/gcab_minutes/2016/03-03-16.pdf,https://web.archive.org/web/20161227222114/http://www.copperascovetx.gov/files/golf_course/gcab_minutes/2016/03-03-16.pdf,https://web.archive.org/web/*/http://www.copperascovetx.gov/files/golf_course/gcab_minutes/2016/03-03-16.pdf
HIGH,8,Golf,2016,04 07 16.pdf,priority category; infrastructure/money keyword; document/PDF,1,1,application/pdf,http://www.copperascovetx.gov/files/golf_course/gcab_minutes/2016/04-07-16.pdf,https://web.archive.org/web/20161227222648/http://www.copperascovetx.gov/files/golf_course/gcab_minutes/2016/04-07-16.pdf,https://web.archive.org/web/*/http://www.copperascovetx.gov/files/golf_course/gcab_minutes/2016/04-07-16.pdf
HIGH,8,Golf,2016,10 01 15.pdf,priority category; infrastructure/money keyword; document/PDF,1,1,application/pdf,http://www.copperascovetx.gov/files/golf_course/gcab_minutes/2015/10-01-15.pdf,https://web.archive.org/web/20161227221045/http://www.copperascovetx.gov/files/golf_course/gcab_minutes/2015/10-01-15.pdf,https://web.archive.org/web/*/http://www.copperascovetx.gov/files/golf_course/gcab_minutes/2015/10-01-15.pdf
HIGH,8,Golf,2016,11 05 15.pdf,priority category; infrastructure/money keyword; document/PDF,1,1,application/pdf,http://www.copperascovetx.gov/files/golf_course/gcab_minutes/2015/11-05-15.pdf,https://web.archive.org/web/20161227221557/http://www.copperascovetx.gov/files/golf_course/gcab_minutes/2015/11-05-15.pdf,https://web.archive.org/web/*/http://www.copperascovetx.gov/files/golf_course/gcab_minutes/2015/11-05-15.pdf
HIGH,8,Golf,2016,2015 TAMUCT golf classic.pdf,priority category; infrastructure/money keyword; document/PDF,1,1,application/pdf,http://www.copperascovetx.gov/files/pio/press_releases/08-15/2015%20TAMUCT%20golf%20classic.pdf,https://web.archive.org/web/20161228104600/http://www.copperascovetx.gov/files/pio/press_releases/08-15/2015%20TAMUCT%20golf%20classic.pdf,https://web.archive.org/web/*/http://www.copperascovetx.gov/files/pio/press_releases/08-15/2015%20TAMUCT%20golf%20classic.pdf
HIGH,8,Golf,2016,explorer golf tournament.pdf,priority category; infrastructure/money keyword; document/PDF,1,1,application/pdf,http://www.copperascovetx.gov/files/police/press_releases/06-16/explorer_golf_tournament.pdf,https://web.archive.org/web/20161228093426/http://www.copperascovetx.gov/files/police/press_releases/06-16/explorer_golf_tournament.pdf,https://web.archive.org/web/*/http://www.copperascovetx.gov/files/police/press_releases/06-16/explorer_golf_tournament.pdf
HIGH,8,Golf,2016,jr golf reg.pdf,priority category; infrastructure/money keyword; document/PDF,1,1,application/pdf,http://www.copperascovetx.gov/files/forms/golf/jr_golf_reg.pdf,https://web.archive.org/web/20161227164924/http://www.copperascovetx.gov/files/forms/golf/jr_golf_reg.pdf,https://web.archive.org/web/*/http://www.copperascovetx.gov/files/forms/golf/jr_golf_reg.pdf
HIGH,8,Golf,2017,01 07 16.pdf,priority category; infrastructure/money keyword; document/PDF,1,1,application/pdf,http://www.copperascovetx.gov/files/golf_course/gcab_minutes/2016/01-07-16.pdf,https://web.archive.org/web/20170131053610/http://www.copperascovetx.gov/files/golf_course/gcab_minutes/2016/01-07-16.pdf,https://web.archive.org/web/*/http://www.copperascovetx.gov/files/golf_course/gcab_minutes/2016/01-07-16.pdf
HIGH,8,Golf,2017,09 03 15.pdf,priority category; infrastructure/money keyword; document/PDF,1,1,application/pdf,http://www.copperascovetx.gov/files/golf_course/gcab_minutes/2015/09-03-15.pdf,https://web.archive.org/web/20170131053038/http://www.copperascovetx.gov/files/golf_course/gcab_minutes/2015/09-03-15.pdf,https://web.archive.org/web/*/http://www.copperascovetx.gov/files/golf_course/gcab_minutes/2015/09-03-15.pdf
HIGH,8,Golf,2017,Law Enforcement Explorer Golf Tournament2015.pdf,priority category; infrastructure/money keyword; document/PDF,1,1,application/pdf,http://www.copperascovetx.gov/files/police/press_releases/08-15/Law%20Enforcement%20Explorer%20Golf%20Tournament2015.pdf,https://web.archive.org/web/20170125203807/http://www.copperascovetx.gov/files/police/press_releases/08-15/Law%20Enforcement%20Explorer%20Golf%20Tournament2015.pdf,https://web.archive.org/web/*/http://www.copperascovetx.gov/files/police/press_releases/08-15/Law%20Enforcement%20Explorer%20Golf%20Tournament2015.pdf
HIGH,8,Golf,2017,golf advisory comm.pdf,priority category; infrastructure/money keyword; document/PDF,1,1,application/pdf,http://www.copperascovetx.gov/files/pio/press_releases/04-16/golf_advisory_comm.pdf,https://web.archive.org/web/20170131133916/http://www.copperascovetx.gov/files/pio/press_releases/04-16/golf_advisory_comm.pdf,https://web.archive.org/web/*/http://www.copperascovetx.gov/files/pio/press_releases/04-16/golf_advisory_comm.pdf
HIGH,8,Golf,2024,jr golf reg.pdf,priority category; infrastructure/money keyword; document/PDF,4,1,application/pdf,https://www.copperascovetx.gov/files/forms/golf/jr_golf_reg.pdf,https://web.archive.org/web/20240612024557/https://www.copperascovetx.gov/files/forms/golf/jr_golf_reg.pdf,https://web.archive.org/web/*/https://www.copperascovetx.gov/files/forms/golf/jr_golf_reg.pdf
HIGH,8,Golf,2025,Jr Golf Reg PDF,priority category; infrastructure/money keyword; document/PDF,1,1,application/pdf,https://www.copperascovetx.gov/DocumentCenter/View/1535/Jr-Golf-Reg-PDF,https://web.archive.org/web/20250929095441/https://www.copperascovetx.gov/DocumentCenter/View/1535/Jr-Golf-Reg-PDF,https://web.archive.org/web/*/https://www.copperascovetx.gov/DocumentCenter/View/1535/Jr-Golf-Reg-PDF
HIGH,8,Golf,2025,KCCB Scholarship Golf Tournament 07 21 2021.pdf,priority category; infrastructure/money keyword; document/PDF,2,1,application/pdf,https://www.copperascovetx.gov/files/pio/press_releases/07-21/KCCB%20Scholarship%20Golf%20Tournament%2007-21-2021.pdf,https://web.archive.org/web/20250210202745/https://www.copperascovetx.gov/files/pio/press_releases/07-21/KCCB%20Scholarship%20Golf%20Tournament%2007-21-2021.pdf,https://web.archive.org/web/*/https://www.copperascovetx.gov/files/pio/press_releases/07-21/KCCB%20Scholarship%20Golf%20Tournament%2007-21-2021.pdf
HIGH,8,Wastewater,2016,Sewer.pdf,priority category; infrastructure/money keyword; document/PDF,1,1,application/pdf,http://www.copperascovetx.gov/files/engineer/pw_standards_specs/Sewer.pdf,https://web.archive.org/web/20161226221105/http://www.copperascovetx.gov/files/engineer/pw_standards_specs/Sewer.pdf,https://web.archive.org/web/*/http://www.copperascovetx.gov/files/engineer/pw_standards_specs/Sewer.pdf
HIGH,8,Wastewater,2025,City of Copperas Cove Solid Waste Services Update & Sewer PSA 03 27 2020.pdf,priority category; infrastructure/money keyword; document/PDF,4,1,application/pdf,https://www.copperascovetx.gov/files/pio/press_releases/03-20/City%20of%20Copperas%20Cove%20Solid%20Waste%20Services%20Update%20&%20Sewer%20PSA%2003-27-2020.pdf,https://web.archive.org/web/20250203082038/https://www.copperascovetx.gov/files/pio/press_releases/03-20/City%20of%20Copperas%20Cove%20Solid%20Waste%20Services%20Update%20&%20Sewer%20PSA%2003-27-2020.pdf,https://web.archive.org/web/*/https://www.copperascovetx.gov/files/pio/press_releases/03-20/City%20of%20Copperas%20Cove%20Solid%20Waste%20Services%20Update%20&%20Sewer%20PSA%2003-27-2020.pdf
HIGH,8,Wastewater,2025,Ordinance 2014 42 Wastewater Capacity Reservation Regulations PDF,priority category; infrastructure/money keyword; document/PDF,1,1,application/pdf,https://www.copperascovetx.gov/DocumentCenter/View/2369/Ordinance-2014-42-Wastewater-Capacity-Reservation-Regulations-PDF,https://web.archive.org/web/20250925213505/https://www.copperascovetx.gov/DocumentCenter/View/2369/Ordinance-2014-42-Wastewater-Capacity-Reservation-Regulations-PDF,https://web.archive.org/web/*/https://www.copperascovetx.gov/DocumentCenter/View/2369/Ordinance-2014-42-Wastewater-Capacity-Reservation-Regulations-PDF
HIGH,8,Water,2016,2003.pdf,priority category; infrastructure/money keyword; document/PDF,1,1,application/pdf,http://www.copperascovetx.gov/files/water/2003.pdf,https://web.archive.org/web/20161224072002/http://www.copperascovetx.gov/files/water/2003.pdf,https://web.archive.org/web/*/http://www.copperascovetx.gov/files/water/2003.pdf
HIGH,8,Water,2016,2004.pdf,priority category; infrastructure/money keyword; document/PDF,1,1,application/pdf,http://www.copperascovetx.gov/files/water/2004.pdf,https://web.archive.org/web/20161227141210/http://www.copperascovetx.gov/files/water/2004.pdf,https://web.archive.org/web/*/http://www.copperascovetx.gov/files/water/2004.pdf
HIGH,8,Water,2016,2005.pdf,priority category; infrastructure/money keyword; document/PDF,1,1,application/pdf,http://www.copperascovetx.gov/files/water/2005.pdf,https://web.archive.org/web/20161222050622/http://www.copperascovetx.gov/files/water/2005.pdf,https://web.archive.org/web/*/http://www.copperascovetx.gov/files/water/2005.pdf
HIGH,8,Water,2016,2006.pdf,priority category; infrastructure/money keyword; document/PDF,1,1,application/pdf,http://www.copperascovetx.gov/files/water/2006.pdf,https://web.archive.org/web/20161224072538/http://www.copperascovetx.gov/files/water/2006.pdf,https://web.archive.org/web/*/http://www.copperascovetx.gov/files/water/2006.pdf
HIGH,8,Water,2016,2007.pdf,priority category; infrastructure/money keyword; document/PDF,1,1,application/pdf,http://www.copperascovetx.gov/files/water/2007.pdf,https://web.archive.org/web/20161227141724/http://www.copperascovetx.gov/files/water/2007.pdf,https://web.archive.org/web/*/http://www.copperascovetx.gov/files/water/2007.pdf
HIGH,8,Water,2016,2008.pdf,priority category; infrastructure/money keyword; document/PDF,1,1,application/pdf,http://www.copperascovetx.gov/files/water/2008.pdf,https://web.archive.org/web/20161222051139/http://www.copperascovetx.gov/files/water/2008.pdf,https://web.archive.org/web/*/http://www.copperascovetx.gov/files/water/2008.pdf
HIGH,8,Water,2016,2009.pdf,priority category; infrastructure/money keyword; document/PDF,1,1,application/pdf,http://www.copperascovetx.gov/files/water/2009.pdf,https://web.archive.org/web/20161224073048/http://www.copperascovetx.gov/files/water/2009.pdf,https://web.archive.org/web/*/http://www.copperascovetx.gov/files/water/2009.pdf
HIGH,8,Water,2016,2010.pdf,priority category; infrastructure/money keyword; document/PDF,1,1,application/pdf,http://www.copperascovetx.gov/files/water/2010.pdf,https://web.archive.org/web/20161227142523/http://www.copperascovetx.gov/files/water/2010.pdf,https://web.archive.org/web/*/http://www.copperascovetx.gov/files/water/2010.pdf
HIGH,8,Water,2016,2011.pdf,priority category; infrastructure/money keyword; document/PDF,1,1,application/pdf,http://www.copperascovetx.gov/files/water/2011.pdf,https://web.archive.org/web/20161222051712/http://www.copperascovetx.gov/files/water/2011.pdf,https://web.archive.org/web/*/http://www.copperascovetx.gov/files/water/2011.pdf
HIGH,8,Water,2016,2012.pdf,priority category; infrastructure/money keyword; document/PDF,1,1,application/pdf,http://www.copperascovetx.gov/files/water/2012.pdf,https://web.archive.org/web/20161224073611/http://www.copperascovetx.gov/files/water/2012.pdf,https://web.archive.org/web/*/http://www.copperascovetx.gov/files/water/2012.pdf
HIGH,8,Water,2016,2013.pdf,priority category; infrastructure/money keyword; document/PDF,1,1,application/pdf,http://www.copperascovetx.gov/files/water/2013.pdf,https://web.archive.org/web/20161227143054/http://www.copperascovetx.gov/files/water/2013.pdf,https://web.archive.org/web/*/http://www.copperascovetx.gov/files/water/2013.pdf
HIGH,8,Water,2016,2014.PDF,priority category; infrastructure/money keyword; document/PDF,1,1,application/pdf,http://www.copperascovetx.gov/files/water/2014.PDF,https://web.archive.org/web/20161222052224/http://www.copperascovetx.gov/files/water/2014.PDF,https://web.archive.org/web/*/http://www.copperascovetx.gov/files/water/2014.PDF
HIGH,8,Water,2016,2015.PDF,priority category; infrastructure/money keyword; document/PDF,1,1,application/pdf,http://www.copperascovetx.gov/files/water/2015.PDF,https://web.archive.org/web/20161224074131/http://www.copperascovetx.gov/files/water/2015.PDF,https://web.archive.org/web/*/http://www.copperascovetx.gov/files/water/2015.PDF
HIGH,8,Water,2016,Backflow Prev Assembly Tester Reg.pdf,priority category; infrastructure/money keyword; document/PDF,1,1,application/pdf,http://www.copperascovetx.gov/files/forms/water/Backflow_Prev_Assembly_Tester_Reg.pdf,https://web.archive.org/web/20161228065803/http://www.copperascovetx.gov/files/forms/water/Backflow_Prev_Assembly_Tester_Reg.pdf,https://web.archive.org/web/*/http://www.copperascovetx.gov/files/forms/water/Backflow_Prev_Assembly_Tester_Reg.pdf
HIGH,8,Water,2016,Brazos G Water Planning.PDF,priority category; infrastructure/money keyword; document/PDF,1,1,application/pdf,http://www.copperascovetx.gov/files/pio/press_releases/12-15/Brazos%20G%20Water%20Planning.PDF,https://web.archive.org/web/20161228102857/http://www.copperascovetx.gov/files/pio/press_releases/12-15/Brazos%20G%20Water%20Planning.PDF,https://web.archive.org/web/*/http://www.copperascovetx.gov/files/pio/press_releases/12-15/Brazos%20G%20Water%20Planning.PDF
HIGH,8,Water,2016,Ord 2014 42.pdf,priority category; infrastructure/money keyword; document/PDF,1,1,application/pdf,http://www.copperascovetx.gov/files/water/Ord_2014-42.pdf,https://web.archive.org/web/20161224081026/http://www.copperascovetx.gov/files/water/Ord_2014-42.pdf,https://web.archive.org/web/*/http://www.copperascovetx.gov/files/water/Ord_2014-42.pdf
HIGH,8,Water,2016,TCEQ guidelines.pdf,priority category; infrastructure/money keyword; document/PDF,1,1,application/pdf,http://www.copperascovetx.gov/files/engineer/stormwater/TCEQ_guidelines.pdf,https://web.archive.org/web/20161227025235/http://www.copperascovetx.gov/files/engineer/stormwater/TCEQ_guidelines.pdf,https://web.archive.org/web/*/http://www.copperascovetx.gov/files/engineer/stormwater/TCEQ_guidelines.pdf
HIGH,8,Water,2016,Water.pdf,priority category; infrastructure/money keyword; document/PDF,1,1,application/pdf,http://www.copperascovetx.gov/files/engineer/pw_standards_specs/Water.pdf,https://web.archive.org/web/20161226222207/http://www.copperascovetx.gov/files/engineer/pw_standards_specs/Water.pdf,https://web.archive.org/web/*/http://www.copperascovetx.gov/files/engineer/pw_standards_specs/Water.pdf
HIGH,8,Water,2016,cocc ms4 permit.pdf,priority category; infrastructure/money keyword; document/PDF,1,1,application/pdf,http://www.copperascovetx.gov/files/engineer/stormwater/cocc_ms4_permit.pdf,https://web.archive.org/web/20161228005231/http://www.copperascovetx.gov/files/engineer/stormwater/cocc_ms4_permit.pdf,https://web.archive.org/web/*/http://www.copperascovetx.gov/files/engineer/stormwater/cocc_ms4_permit.pdf
HIGH,8,Water,2016,food water.pdf,priority category; infrastructure/money keyword; document/PDF,1,1,application/pdf,http://www.copperascovetx.gov/files/fire/emergency_preparedness/food_water.pdf,https://web.archive.org/web/20161228193312/http://www.copperascovetx.gov/files/fire/emergency_preparedness/food_water.pdf,https://web.archive.org/web/*/http://www.copperascovetx.gov/files/fire/emergency_preparedness/food_water.pdf
HIGH,8,Water,2016,ms4 year 1 annual report.pdf,priority category; infrastructure/money keyword; document/PDF,1,1,application/pdf,http://www.copperascovetx.gov/files/engineer/stormwater/ms4_year_1_annual_report.pdf,https://web.archive.org/web/20161228060437/http://www.copperascovetx.gov/files/engineer/stormwater/ms4_year_1_annual_report.pdf,https://web.archive.org/web/*/http://www.copperascovetx.gov/files/engineer/stormwater/ms4_year_1_annual_report.pdf
HIGH,8,Water,2016,water model.pdf,priority category; infrastructure/money keyword; document/PDF,1,1,application/pdf,http://www.copperascovetx.gov/files/water/water_model.pdf,https://web.archive.org/web/20161227151516/http://www.copperascovetx.gov/files/water/water_model.pdf,https://web.archive.org/web/*/http://www.copperascovetx.gov/files/water/water_model.pdf
HIGH,8,Water,2017,TCEQ approved storm water mgmt plan.pdf,priority category; infrastructure/money keyword; document/PDF,1,1,application/pdf,http://www.copperascovetx.gov/files/engineer/stormwater/TCEQ_approved_storm_water_mgmt_plan.pdf,https://web.archive.org/web/20170131170345/http://www.copperascovetx.gov/files/engineer/stormwater/TCEQ_approved_storm_water_mgmt_plan.pdf,https://web.archive.org/web/*/http://www.copperascovetx.gov/files/engineer/stormwater/TCEQ_approved_storm_water_mgmt_plan.pdf
HIGH,8,Water,2017,Water Service Agreement.pdf,priority category; infrastructure/money keyword; document/PDF,1,1,application/pdf,http://www.copperascovetx.gov/files/forms/public_works/Water_Service_Agreement.pdf,https://web.archive.org/web/20170131130126/http://www.copperascovetx.gov/files/forms/public_works/Water_Service_Agreement.pdf,https://web.archive.org/web/*/http://www.copperascovetx.gov/files/forms/public_works/Water_Service_Agreement.pdf
HIGH,8,Water,2017,Water line break.pdf,priority category; infrastructure/money keyword; document/PDF,1,1,application/pdf,http://www.copperascovetx.gov/files/pio/press_releases/01-16/Water%20line%20break.pdf,https://web.archive.org/web/20170125040030/http://www.copperascovetx.gov/files/pio/press_releases/01-16/Water%20line%20break.pdf,https://web.archive.org/web/*/http://www.copperascovetx.gov/files/pio/press_releases/01-16/Water%20line%20break.pdf
HIGH,8,Water,2017,kccb waterway cleanup.pdf,priority category; infrastructure/money keyword; document/PDF,1,1,application/pdf,http://www.copperascovetx.gov/files/pio/press_releases/04-16/kccb_waterway_cleanup.pdf,https://web.archive.org/web/20170131143448/http://www.copperascovetx.gov/files/pio/press_releases/04-16/kccb_waterway_cleanup.pdf,https://web.archive.org/web/*/http://www.copperascovetx.gov/files/pio/press_releases/04-16/kccb_waterway_cleanup.pdf
HIGH,8,Water,2020,water collection map.pdf,priority category; infrastructure/money keyword; document/PDF,1,1,application/pdf,http://www.copperascovetx.gov:80/files/utility_admin/water%20collection%20map.pdf,https://web.archive.org/web/20200605041552/http://www.copperascovetx.gov:80/files/utility_admin/water%20collection%20map.pdf,https://web.archive.org/web/*/http://www.copperascovetx.gov:80/files/utility_admin/water%20collection%20map.pdf
HIGH,8,Water,2021,2017.PDF,priority category; infrastructure/money keyword; document/PDF,2,1,application/pdf,https://www.copperascovetx.gov/files/water/2017.PDF,https://web.archive.org/web/20210125050208/https://www.copperascovetx.gov/files/water/2017.PDF,https://web.archive.org/web/*/https://www.copperascovetx.gov/files/water/2017.PDF
HIGH,8,Water,2021,Water Service Agreement.pdf,priority category; infrastructure/money keyword; document/PDF,2,1,application/pdf,https://www.copperascovetx.gov/files/forms/public_works/Water_Service_Agreement.pdf,https://web.archive.org/web/20211230190126/https://www.copperascovetx.gov/files/forms/public_works/Water_Service_Agreement.pdf,https://web.archive.org/web/*/https://www.copperascovetx.gov/files/forms/public_works/Water_Service_Agreement.pdf
HIGH,8,Water,2022,Proclamation2022.pdf,priority category; infrastructure/money keyword; document/PDF,1,1,application/pdf,https://www.copperascovetx.gov/files/public_works/stormwater/Proclamation2022.pdf,https://web.archive.org/web/20220808164632/https://www.copperascovetx.gov/files/public_works/stormwater/Proclamation2022.pdf,https://web.archive.org/web/*/https://www.copperascovetx.gov/files/public_works/stormwater/Proclamation2022.pdf
HIGH,8,Water,2023,Water Restrictions Stage 1 Order Remains in Effect 04 04 2023.pdf,priority category; infrastructure/money keyword; document/PDF,1,1,application/pdf,https://www.copperascovetx.gov/files/pio/press_releases/04-23/Water%20Restrictions%20-%20Stage%201%20Order%20Remains%20in%20Effect%2004-04-2023.pdf,https://web.archive.org/web/20230406163748/https://www.copperascovetx.gov/files/pio/press_releases/04-23/Water%20Restrictions%20-%20Stage%201%20Order%20Remains%20in%20Effect%2004-04-2023.pdf,https://web.archive.org/web/*/https://www.copperascovetx.gov/files/pio/press_releases/04-23/Water%20Restrictions%20-%20Stage%201%20Order%20Remains%20in%20Effect%2004-04-2023.pdf
HIGH,8,Water,2024,Notice of Water Service Interruption 04 16 24.pdf,priority category; infrastructure/money keyword; document/PDF,2,1,application/pdf,https://www.copperascovetx.gov/files/pio/press_releases/04-24/Notice%20of%20Water%20Service%20Interruption%2004-16-24.pdf,https://web.archive.org/web/20241205104529/https://www.copperascovetx.gov/files/pio/press_releases/04-24/Notice%20of%20Water%20Service%20Interruption%2004-16-24.pdf,https://web.archive.org/web/*/https://www.copperascovetx.gov/files/pio/press_releases/04-24/Notice%20of%20Water%20Service%20Interruption%2004-16-24.pdf
HIGH,8,Water,2024,Water Restrictions Stage 2 Ordered 08 01 2023.pdf,priority category; infrastructure/money keyword; document/PDF,5,1,application/pdf,https://www.copperascovetx.gov/files/pio/press_releases/08-23/Water%20Restrictions%20-%20Stage%202%20Ordered%2008-01-2023.pdf,https://web.archive.org/web/20240307094918/https://www.copperascovetx.gov/files/pio/press_releases/08-23/Water%20Restrictions%20-%20Stage%202%20Ordered%2008-01-2023.pdf,https://web.archive.org/web/*/https://www.copperascovetx.gov/files/pio/press_releases/08-23/Water%20Restrictions%20-%20Stage%202%20Ordered%2008-01-2023.pdf
HIGH,8,Water,2024,water conservation drought contingency.pdf,priority category; infrastructure/money keyword; document/PDF,2,1,application/pdf,http://www.copperascovetx.gov/files/water/water_conservation_drought_contingency.pdf,https://web.archive.org/web/20240711232757/http://www.copperascovetx.gov/files/water/water_conservation_drought_contingency.pdf,https://web.archive.org/web/*/http://www.copperascovetx.gov/files/water/water_conservation_drought_contingency.pdf
HIGH,8,Water,2025,2003.pdf,priority category; infrastructure/money keyword; document/PDF,3,1,application/pdf,https://www.copperascovetx.gov/files/water/2003.pdf,https://web.archive.org/web/20250209022252/https://www.copperascovetx.gov/files/water/2003.pdf,https://web.archive.org/web/*/https://www.copperascovetx.gov/files/water/2003.pdf
HIGH,8,Water,2025,2004.pdf,priority category; infrastructure/money keyword; document/PDF,4,1,application/pdf,https://www.copperascovetx.gov/files/water/2004.pdf,https://web.archive.org/web/20250209215336/https://www.copperascovetx.gov/files/water/2004.pdf,https://web.archive.org/web/*/https://www.copperascovetx.gov/files/water/2004.pdf
HIGH,8,Water,2025,2006.pdf,priority category; infrastructure/money keyword; document/PDF,4,1,application/pdf,https://www.copperascovetx.gov/files/water/2006.pdf,https://web.archive.org/web/20250209021738/https://www.copperascovetx.gov/files/water/2006.pdf,https://web.archive.org/web/*/https://www.copperascovetx.gov/files/water/2006.pdf
HIGH,8,Water,2025,2008.pdf,priority category; infrastructure/money keyword; document/PDF,4,1,application/pdf,https://www.copperascovetx.gov/files/water/2008.pdf,https://web.archive.org/web/20250209020608/https://www.copperascovetx.gov/files/water/2008.pdf,https://web.archive.org/web/*/https://www.copperascovetx.gov/files/water/2008.pdf
HIGH,8,Water,2025,2009.pdf,priority category; infrastructure/money keyword; document/PDF,4,1,application/pdf,https://www.copperascovetx.gov/files/water/2009.pdf,https://web.archive.org/web/20250209021220/https://www.copperascovetx.gov/files/water/2009.pdf,https://web.archive.org/web/*/https://www.copperascovetx.gov/files/water/2009.pdf
HIGH,8,Water,2025,2011.pdf,priority category; infrastructure/money keyword; document/PDF,4,1,application/pdf,https://www.copperascovetx.gov/files/water/2011.pdf,https://web.archive.org/web/20250209021134/https://www.copperascovetx.gov/files/water/2011.pdf,https://web.archive.org/web/*/https://www.copperascovetx.gov/files/water/2011.pdf
HIGH,8,Water,2025,2012.pdf,priority category; infrastructure/money keyword; document/PDF,3,1,application/pdf,https://www.copperascovetx.gov/files/water/2012.pdf,https://web.archive.org/web/20250209021042/https://www.copperascovetx.gov/files/water/2012.pdf,https://web.archive.org/web/*/https://www.copperascovetx.gov/files/water/2012.pdf
HIGH,8,Water,2025,2015 22 Rescinding Stage 1 Water Restrictions PDF,priority category; infrastructure/money keyword; document/PDF,1,1,application/pdf,https://www.copperascovetx.gov/DocumentCenter/View/1160/2015-22-Rescinding-Stage-1-Water-Restrictions-PDF,https://web.archive.org/web/20250925205940/https://www.copperascovetx.gov/DocumentCenter/View/1160/2015-22-Rescinding-Stage-1-Water-Restrictions-PDF,https://web.archive.org/web/*/https://www.copperascovetx.gov/DocumentCenter/View/1160/2015-22-Rescinding-Stage-1-Water-Restrictions-PDF
HIGH,8,Water,2025,2015.PDF,priority category; infrastructure/money keyword; document/PDF,3,1,application/pdf,https://www.copperascovetx.gov/files/water/2015.PDF,https://web.archive.org/web/20250209021903/https://www.copperascovetx.gov/files/water/2015.PDF,https://web.archive.org/web/*/https://www.copperascovetx.gov/files/water/2015.PDF
HIGH,8,Water,2025,2016.PDF,priority category; infrastructure/money keyword; document/PDF,3,1,application/pdf,https://www.copperascovetx.gov/files/water/2016.PDF,https://web.archive.org/web/20250209021851/https://www.copperascovetx.gov/files/water/2016.PDF,https://web.archive.org/web/*/https://www.copperascovetx.gov/files/water/2016.PDF
HIGH,8,Water,2025,2017 12 Rescind Stage 4 Water Restrictions PDF,priority category; infrastructure/money keyword; document/PDF,1,1,application/pdf,https://www.copperascovetx.gov/DocumentCenter/View/1058/2017-12-Rescind-Stage-4-Water-Restrictions-PDF,https://web.archive.org/web/20250925213019/https://www.copperascovetx.gov/DocumentCenter/View/1058/2017-12-Rescind-Stage-4-Water-Restrictions-PDF,https://web.archive.org/web/*/https://www.copperascovetx.gov/DocumentCenter/View/1058/2017-12-Rescind-Stage-4-Water-Restrictions-PDF
HIGH,8,Water,2025,2018 14 Water Line Easement 5 Hills Subdivision PDF,priority category; infrastructure/money keyword; document/PDF,1,1,application/pdf,https://www.copperascovetx.gov/DocumentCenter/View/1015/2018-14-Water-Line-Easement-5-Hills-Subdivision-PDF,https://web.archive.org/web/20250927061030/https://www.copperascovetx.gov/DocumentCenter/View/1015/2018-14-Water-Line-Easement-5-Hills-Subdivision-PDF,https://web.archive.org/web/*/https://www.copperascovetx.gov/DocumentCenter/View/1015/2018-14-Water-Line-Easement-5-Hills-Subdivision-PDF
HIGH,8,Water,2025,2018 29 Kempner Water Supply Corp Settlement PDF,priority category; infrastructure/money keyword; document/PDF,1,1,application/pdf,https://www.copperascovetx.gov/DocumentCenter/View/1028/2018-29-Kempner-Water-Supply-Corp-Settlement-PDF,https://web.archive.org/web/20250928083621/https://www.copperascovetx.gov/DocumentCenter/View/1028/2018-29-Kempner-Water-Supply-Corp-Settlement-PDF,https://web.archive.org/web/*/https://www.copperascovetx.gov/DocumentCenter/View/1028/2018-29-Kempner-Water-Supply-Corp-Settlement-PDF
HIGH,8,Water,2025,2019.PDF,priority category; infrastructure/money keyword; document/PDF,1,1,application/pdf,http://www.copperascovetx.gov/files/water/2019.PDF,https://web.archive.org/web/20250210164340/http://www.copperascovetx.gov/files/water/2019.PDF,https://web.archive.org/web/*/http://www.copperascovetx.gov/files/water/2019.PDF
HIGH,8,Water,2025,2020 MS4 Annual Report Final.pdf,priority category; infrastructure/money keyword; document/PDF,4,1,application/pdf,https://www.copperascovetx.gov/files/public_works/stormwater/2020_MS4_Annual_Report_Final.pdf,https://web.archive.org/web/20250208161758/https://www.copperascovetx.gov/files/public_works/stormwater/2020_MS4_Annual_Report_Final.pdf,https://web.archive.org/web/*/https://www.copperascovetx.gov/files/public_works/stormwater/2020_MS4_Annual_Report_Final.pdf
HIGH,8,Water,2025,2020.PDF,priority category; infrastructure/money keyword; document/PDF,2,1,application/pdf,https://www.copperascovetx.gov/files/water/2020.PDF,https://web.archive.org/web/20250209022048/https://www.copperascovetx.gov/files/water/2020.PDF,https://web.archive.org/web/*/https://www.copperascovetx.gov/files/water/2020.PDF
HIGH,8,Water,2025,2021 32 Authorizing a Treated Water Capacity Designation and Commitment to Bell County District Number 1 PDF,priority category; infrastructure/money keyword; document/PDF,1,1,application/pdf,https://www.copperascovetx.gov/DocumentCenter/View/894/2021-32-Authorizing-a-Treated-Water-Capacity-Designation-and-Commitment-to-Bell-County-District-Number-1-PDF,https://web.archive.org/web/20250927104648/https://www.copperascovetx.gov/DocumentCenter/View/894/2021-32-Authorizing-a-Treated-Water-Capacity-Designation-and-Commitment-to-Bell-County-District-Number-1-PDF,https://web.archive.org/web/*/https://www.copperascovetx.gov/DocumentCenter/View/894/2021-32-Authorizing-a-Treated-Water-Capacity-Designation-and-Commitment-to-Bell-County-District-Number-1-PDF
HIGH,8,Water,2025,2021.PDF,priority category; infrastructure/money keyword; document/PDF,1,1,application/pdf,https://www.copperascovetx.gov/files/water/2021.PDF,https://web.archive.org/web/20250209044820/https://www.copperascovetx.gov/files/water/2021.PDF,https://web.archive.org/web/*/https://www.copperascovetx.gov/files/water/2021.PDF
HIGH,8,Water,2025,2022 21 Addendum Number 6 To Amended and Restated Water Supply Contract PDF,priority category; infrastructure/money keyword; document/PDF,1,1,application/pdf,https://www.copperascovetx.gov/DocumentCenter/View/861/2022-21-Addendum-Number-6-To-Amended-and-Restated-Water-Supply-Contract-PDF,https://web.archive.org/web/20250928212543/https://www.copperascovetx.gov/DocumentCenter/View/861/2022-21-Addendum-Number-6-To-Amended-and-Restated-Water-Supply-Contract-PDF,https://web.archive.org/web/*/https://www.copperascovetx.gov/DocumentCenter/View/861/2022-21-Addendum-Number-6-To-Amended-and-Restated-Water-Supply-Contract-PDF
HIGH,8,Water,2025,2022.PDF,priority category; infrastructure/money keyword; document/PDF,1,1,application/pdf,https://www.copperascovetx.gov/files/water/2022.PDF,https://web.archive.org/web/20250209045845/https://www.copperascovetx.gov/files/water/2022.PDF,https://web.archive.org/web/*/https://www.copperascovetx.gov/files/water/2022.PDF
HIGH,8,Water,2025,2023.PDF,priority category; infrastructure/money keyword; document/PDF,1,1,application/pdf,https://www.copperascovetx.gov/files/water/2023.PDF,https://web.archive.org/web/20250209021213/https://www.copperascovetx.gov/files/water/2023.PDF,https://web.archive.org/web/*/https://www.copperascovetx.gov/files/water/2023.PDF
HIGH,8,Water,2025,2024 04 Authorizing a Treated Water Capacity Designation and Commitment to Bell County Water Control PDF,priority category; infrastructure/money keyword; document/PDF,1,1,application/pdf,https://www.copperascovetx.gov/DocumentCenter/View/788/2024-04-Authorizing-a-Treated-Water-Capacity-Designation-and-Commitment-to-Bell-County-Water-Control-PDF,https://web.archive.org/web/20250925213212/https://www.copperascovetx.gov/DocumentCenter/View/788/2024-04-Authorizing-a-Treated-Water-Capacity-Designation-and-Commitment-to-Bell-County-Water-Control-PDF,https://web.archive.org/web/*/https://www.copperascovetx.gov/DocumentCenter/View/788/2024-04-Authorizing-a-Treated-Water-Capacity-Designation-and-Commitment-to-Bell-County-Water-Control-PDF
HIGH,8,Water,2025,2024 22 Supporting State Legislation to Create a Regional Water Authority PDF,priority category; infrastructure/money keyword; document/PDF,1,1,application/pdf,https://www.copperascovetx.gov/DocumentCenter/View/806/2024-22-Supporting-State-Legislation-to-Create-a-Regional-Water-Authority-PDF,https://web.archive.org/web/20250928101737/https://www.copperascovetx.gov/DocumentCenter/View/806/2024-22-Supporting-State-Legislation-to-Create-a-Regional-Water-Authority-PDF,https://web.archive.org/web/*/https://www.copperascovetx.gov/DocumentCenter/View/806/2024-22-Supporting-State-Legislation-to-Create-a-Regional-Water-Authority-PDF
HIGH,8,Water,2025,2025 Storm Water Management Plan PDF,priority category; infrastructure/money keyword; document/PDF,1,1,application/pdf,https://www.copperascovetx.gov/DocumentCenter/View/2356/2025-Storm-Water-Management-Plan-PDF,https://web.archive.org/web/20250928100017/https://www.copperascovetx.gov/DocumentCenter/View/2356/2025-Storm-Water-Management-Plan-PDF,https://web.archive.org/web/*/https://www.copperascovetx.gov/DocumentCenter/View/2356/2025-Storm-Water-Management-Plan-PDF
HIGH,8,Water,2025,Backflow registration form NEW.pdf,priority category; infrastructure/money keyword; document/PDF,4,1,application/pdf,https://www.copperascovetx.gov/files/forms/water/Backflow%20registration%20form_NEW.pdf,https://web.archive.org/web/20250203090927/https://www.copperascovetx.gov/files/forms/water/Backflow%20registration%20form_NEW.pdf,https://web.archive.org/web/*/https://www.copperascovetx.gov/files/forms/water/Backflow%20registration%20form_NEW.pdf
HIGH,8,Water,2025,Belton Water Plant Power Outage.pdf,priority category; infrastructure/money keyword; document/PDF,2,1,application/pdf,https://www.copperascovetx.gov/files/pio/press_releases/05-22/Belton%20Water%20Plant%20Power%20Outage.pdf,https://web.archive.org/web/20250216161039/https://www.copperascovetx.gov/files/pio/press_releases/05-22/Belton%20Water%20Plant%20Power%20Outage.pdf,https://web.archive.org/web/*/https://www.copperascovetx.gov/files/pio/press_releases/05-22/Belton%20Water%20Plant%20Power%20Outage.pdf
HIGH,8,Water,2025,Boil Water Notice 02 07 22.pdf,priority category; infrastructure/money keyword; document/PDF,2,1,application/pdf,https://www.copperascovetx.gov/files/pio/press_releases/02-22/Boil%20Water%20Notice%2002-07-22.pdf,https://web.archive.org/web/20250216085639/https://www.copperascovetx.gov/files/pio/press_releases/02-22/Boil%20Water%20Notice%2002-07-22.pdf,https://web.archive.org/web/*/https://www.copperascovetx.gov/files/pio/press_releases/02-22/Boil%20Water%20Notice%2002-07-22.pdf
HIGH,8,Water,2025,Boil Water Notice 02 17 2021.pdf,priority category; infrastructure/money keyword; document/PDF,2,1,application/pdf,https://www.copperascovetx.gov/files/pio/press_releases/02-21/Boil%20Water%20Notice%2002-17-2021.pdf,https://web.archive.org/web/20250210192709/https://www.copperascovetx.gov/files/pio/press_releases/02-21/Boil%20Water%20Notice%2002-17-2021.pdf,https://web.archive.org/web/*/https://www.copperascovetx.gov/files/pio/press_releases/02-21/Boil%20Water%20Notice%2002-17-2021.pdf
HIGH,8,Water,2025,Boil Water Notice 03 23 2022.pdf,priority category; infrastructure/money keyword; document/PDF,2,1,application/pdf,https://www.copperascovetx.gov/files/pio/press_releases/03-22/Boil%20Water%20Notice%2003-23-2022.pdf,https://web.archive.org/web/20250216094344/https://www.copperascovetx.gov/files/pio/press_releases/03-22/Boil%20Water%20Notice%2003-23-2022.pdf,https://web.archive.org/web/*/https://www.copperascovetx.gov/files/pio/press_releases/03-22/Boil%20Water%20Notice%2003-23-2022.pdf
HIGH,8,Water,2025,Boil Water Notice 05 08 2022.pdf,priority category; infrastructure/money keyword; document/PDF,2,1,application/pdf,https://www.copperascovetx.gov/files/pio/press_releases/05-22/Boil%20Water%20Notice%2005-08-2022.pdf,https://web.archive.org/web/20250210191529/https://www.copperascovetx.gov/files/pio/press_releases/05-22/Boil%20Water%20Notice%2005-08-2022.pdf,https://web.archive.org/web/*/https://www.copperascovetx.gov/files/pio/press_releases/05-22/Boil%20Water%20Notice%2005-08-2022.pdf
HIGH,8,Water,2025,Boil Water Notice 05 10 22.pdf,priority category; infrastructure/money keyword; document/PDF,2,1,application/pdf,https://www.copperascovetx.gov/files/pio/press_releases/05-22/Boil%20Water%20Notice%2005-10-22.pdf,https://web.archive.org/web/20250216143000/https://www.copperascovetx.gov/files/pio/press_releases/05-22/Boil%20Water%20Notice%2005-10-22.pdf,https://web.archive.org/web/*/https://www.copperascovetx.gov/files/pio/press_releases/05-22/Boil%20Water%20Notice%2005-10-22.pdf
HIGH,8,Water,2025,Boil Water Notice 05 3 2022.pdf,priority category; infrastructure/money keyword; document/PDF,3,1,application/pdf,https://www.copperascovetx.gov/files/pio/press_releases/05-22/Boil%20Water%20Notice%2005-3-2022.pdf,https://web.archive.org/web/20250212044742/https://www.copperascovetx.gov/files/pio/press_releases/05-22/Boil%20Water%20Notice%2005-3-2022.pdf,https://web.archive.org/web/*/https://www.copperascovetx.gov/files/pio/press_releases/05-22/Boil%20Water%20Notice%2005-3-2022.pdf
HIGH,8,Water,2025,Boil Water Notice 06 27 2022.pdf,priority category; infrastructure/money keyword; document/PDF,3,1,application/pdf,https://www.copperascovetx.gov/files/pio/press_releases/06-22/Boil%20Water%20Notice%2006-27-2022.pdf,https://web.archive.org/web/20250208184419/https://www.copperascovetx.gov/files/pio/press_releases/06-22/Boil%20Water%20Notice%2006-27-2022.pdf,https://web.archive.org/web/*/https://www.copperascovetx.gov/files/pio/press_releases/06-22/Boil%20Water%20Notice%2006-27-2022.pdf
HIGH,8,Water,2025,Boil Water Notice 08 05 22.pdf,priority category; infrastructure/money keyword; document/PDF,3,1,application/pdf,https://www.copperascovetx.gov/files/pio/press_releases/08-22/Boil%20Water%20Notice%2008-05-22.pdf,https://web.archive.org/web/20250210234744/https://www.copperascovetx.gov/files/pio/press_releases/08-22/Boil%20Water%20Notice%2008-05-22.pdf,https://web.archive.org/web/*/https://www.copperascovetx.gov/files/pio/press_releases/08-22/Boil%20Water%20Notice%2008-05-22.pdf
HIGH,8,Water,2025,Boil Water Notice 08 28 2021.pdf,priority category; infrastructure/money keyword; document/PDF,1,1,application/pdf,https://www.copperascovetx.gov/files/pio/press_releases/08-21/Boil%20Water%20Notice%2008-28-2021.pdf,https://web.archive.org/web/20250210203620/https://www.copperascovetx.gov/files/pio/press_releases/08-21/Boil%20Water%20Notice%2008-28-2021.pdf,https://web.archive.org/web/*/https://www.copperascovetx.gov/files/pio/press_releases/08-21/Boil%20Water%20Notice%2008-28-2021.pdf
HIGH,8,Water,2025,Boil Water Notice Lifted 05 04 2022.pdf,priority category; infrastructure/money keyword; document/PDF,2,1,application/pdf,https://www.copperascovetx.gov/files/pio/press_releases/05-22/Boil%20Water%20Notice%20Lifted%2005-04-2022.pdf,https://web.archive.org/web/20250210221151/https://www.copperascovetx.gov/files/pio/press_releases/05-22/Boil%20Water%20Notice%20Lifted%2005-04-2022.pdf,https://web.archive.org/web/*/https://www.copperascovetx.gov/files/pio/press_releases/05-22/Boil%20Water%20Notice%20Lifted%2005-04-2022.pdf
HIGH,8,Water,2025,Boil Water Notice Lifted 05 10 2022.pdf,priority category; infrastructure/money keyword; document/PDF,2,1,application/pdf,https://www.copperascovetx.gov/files/pio/press_releases/05-22/Boil%20Water%20Notice%20Lifted%2005-10-2022.pdf,https://web.archive.org/web/20250210192115/https://www.copperascovetx.gov/files/pio/press_releases/05-22/Boil%20Water%20Notice%20Lifted%2005-10-2022.pdf,https://web.archive.org/web/*/https://www.copperascovetx.gov/files/pio/press_releases/05-22/Boil%20Water%20Notice%20Lifted%2005-10-2022.pdf
HIGH,8,Water,2025,Boil Water Notice Lifted 05 12 2022.pdf,priority category; infrastructure/money keyword; document/PDF,3,1,application/pdf,https://www.copperascovetx.gov/files/pio/press_releases/05-22/Boil%20Water%20Notice%20Lifted%2005-12-2022.pdf,https://web.archive.org/web/20250216154551/https://www.copperascovetx.gov/files/pio/press_releases/05-22/Boil%20Water%20Notice%20Lifted%2005-12-2022.pdf,https://web.archive.org/web/*/https://www.copperascovetx.gov/files/pio/press_releases/05-22/Boil%20Water%20Notice%20Lifted%2005-12-2022.pdf
HIGH,8,Water,2025,Boil Water Notice Lifted 08 09 2022.pdf,priority category; infrastructure/money keyword; document/PDF,2,1,application/pdf,https://www.copperascovetx.gov/files/pio/press_releases/08-22/Boil%20Water%20Notice%20Lifted%2008-09-2022.pdf,https://web.archive.org/web/20250210202819/https://www.copperascovetx.gov/files/pio/press_releases/08-22/Boil%20Water%20Notice%20Lifted%2008-09-2022.pdf,https://web.archive.org/web/*/https://www.copperascovetx.gov/files/pio/press_releases/08-22/Boil%20Water%20Notice%20Lifted%2008-09-2022.pdf
HIGH,8,Water,2025,Boil Water Notice Rescinded 02 23 2021.pdf,priority category; infrastructure/money keyword; document/PDF,3,1,application/pdf,https://www.copperascovetx.gov/files/pio/press_releases/02-21/Boil%20Water%20Notice%20Rescinded%2002-23-2021.pdf,https://web.archive.org/web/20250811005313/https://www.copperascovetx.gov/files/pio/press_releases/02-21/Boil%20Water%20Notice%20Rescinded%2002-23-2021.pdf,https://web.archive.org/web/*/https://www.copperascovetx.gov/files/pio/press_releases/02-21/Boil%20Water%20Notice%20Rescinded%2002-23-2021.pdf
HIGH,8,Water,2025,Boil Water Notice Rescinded 08 18 2024.pdf,priority category; infrastructure/money keyword; document/PDF,8,1,application/pdf,https://www.copperascovetx.gov/files/pio/press_releases/08-24/Boil%20Water%20Notice%20Rescinded%2008-18-2024.pdf,https://web.archive.org/web/20250215154211/https://www.copperascovetx.gov/files/pio/press_releases/08-24/Boil%20Water%20Notice%20Rescinded%2008-18-2024.pdf,https://web.archive.org/web/*/https://www.copperascovetx.gov/files/pio/press_releases/08-24/Boil%20Water%20Notice%20Rescinded%2008-18-2024.pdf
HIGH,8,Water,2025,Boil Water Notification 03 14 2022.pdf,priority category; infrastructure/money keyword; document/PDF,2,1,application/pdf,https://www.copperascovetx.gov/files/pio/press_releases/03-22/Boil%20Water%20Notification%2003-14-2022.pdf,https://web.archive.org/web/20250216154249/https://www.copperascovetx.gov/files/pio/press_releases/03-22/Boil%20Water%20Notification%2003-14-2022.pdf,https://web.archive.org/web/*/https://www.copperascovetx.gov/files/pio/press_releases/03-22/Boil%20Water%20Notification%2003-14-2022.pdf
HIGH,8,Water,2025,Boil Water Notification Recall 03 16 22.pdf,priority category; infrastructure/money keyword; document/PDF,2,1,application/pdf,https://www.copperascovetx.gov/files/pio/press_releases/03-22/Boil%20Water%20Notification%20Recall%2003-16-22.pdf,https://web.archive.org/web/20250208185250/https://www.copperascovetx.gov/files/pio/press_releases/03-22/Boil%20Water%20Notification%20Recall%2003-16-22.pdf,https://web.archive.org/web/*/https://www.copperascovetx.gov/files/pio/press_releases/03-22/Boil%20Water%20Notification%20Recall%2003-16-22.pdf
HIGH,8,Water,2025,Boil Water Rescind Notice 03 25 22.pdf,priority category; infrastructure/money keyword; document/PDF,3,1,application/pdf,https://www.copperascovetx.gov/files/pio/press_releases/03-22/Boil%20Water%20Rescind%20Notice%2003-25-22.pdf,https://web.archive.org/web/20250203024126/https://www.copperascovetx.gov/files/pio/press_releases/03-22/Boil%20Water%20Rescind%20Notice%2003-25-22.pdf,https://web.archive.org/web/*/https://www.copperascovetx.gov/files/pio/press_releases/03-22/Boil%20Water%20Rescind%20Notice%2003-25-22.pdf
HIGH,8,Water,2025,Boil Water Rescind Notice 04 24 2021.pdf,priority category; infrastructure/money keyword; document/PDF,2,1,application/pdf,https://www.copperascovetx.gov/files/pio/press_releases/04-21/Boil%20Water%20Rescind%20Notice%2004-24-2021.pdf,https://web.archive.org/web/20250210195740/https://www.copperascovetx.gov/files/pio/press_releases/04-21/Boil%20Water%20Rescind%20Notice%2004-24-2021.pdf,https://web.archive.org/web/*/https://www.copperascovetx.gov/files/pio/press_releases/04-21/Boil%20Water%20Rescind%20Notice%2004-24-2021.pdf
HIGH,8,Water,2025,Boil Water Rescind Notice 06 29 2022.pdf,priority category; infrastructure/money keyword; document/PDF,3,1,application/pdf,https://www.copperascovetx.gov/files/pio/press_releases/06-22/Boil%20Water%20Rescind%20Notice%2006-29-2022.pdf,https://web.archive.org/web/20250203015943/https://www.copperascovetx.gov/files/pio/press_releases/06-22/Boil%20Water%20Rescind%20Notice%2006-29-2022.pdf,https://web.archive.org/web/*/https://www.copperascovetx.gov/files/pio/press_releases/06-22/Boil%20Water%20Rescind%20Notice%2006-29-2022.pdf
HIGH,8,Water,2025,Boil Water Rescind Notice.pdf,priority category; infrastructure/money keyword; document/PDF,3,1,application/pdf,https://www.copperascovetx.gov/files/pio/press_releases/02-21/Boil%20Water%20Rescind%20Notice.pdf,https://web.archive.org/web/20250208211326/https://www.copperascovetx.gov/files/pio/press_releases/02-21/Boil%20Water%20Rescind%20Notice.pdf,https://web.archive.org/web/*/https://www.copperascovetx.gov/files/pio/press_releases/02-21/Boil%20Water%20Rescind%20Notice.pdf
HIGH,8,Water,2025,City of Copperas Cove Stage 4B Water Restrictions Rescinded 02 22 2021.pdf,priority category; infrastructure/money keyword; document/PDF,3,1,application/pdf,https://www.copperascovetx.gov/files/pio/press_releases/02-21/City%20of%20Copperas%20Cove%20Stage%204B%20Water%20Restrictions%20Rescinded%2002-22-2021.pdf,https://web.archive.org/web/20250212044822/https://www.copperascovetx.gov/files/pio/press_releases/02-21/City%20of%20Copperas%20Cove%20Stage%204B%20Water%20Restrictions%20Rescinded%2002-22-2021.pdf,https://web.archive.org/web/*/https://www.copperascovetx.gov/files/pio/press_releases/02-21/City%20of%20Copperas%20Cove%20Stage%204B%20Water%20Restrictions%20Rescinded%2002-22-2021.pdf
HIGH,8,Water,2025,City of Copperas Cove – Update on Water System Conversion to Free Chlorine 10 25 2021.pdf,priority category; infrastructure/money keyword; document/PDF,1,1,application/pdf,https://www.copperascovetx.gov/files/pio/press_releases/10-21/City%20of%20Copperas%20Cove%20%E2%80%93%20Update%20on%20Water%20System%20Conversion%20to%20Free%20Chlorine%2010-25-2021.pdf,https://web.archive.org/web/20250203042609/https://www.copperascovetx.gov/files/pio/press_releases/10-21/City%20of%20Copperas%20Cove%20%E2%80%93%20Update%20on%20Water%20System%20Conversion%20to%20Free%20Chlorine%2010-25-2021.pdf,https://web.archive.org/web/*/https://www.copperascovetx.gov/files/pio/press_releases/10-21/City%20of%20Copperas%20Cove%20%E2%80%93%20Update%20on%20Water%20System%20Conversion%20to%20Free%20Chlorine%2010-25-2021.pdf
HIGH,8,Water,2025,Drinking Water Disinfection and the Free Chlorine Conversion Process FA Qs PDF,priority category; infrastructure/money keyword; document/PDF,1,1,application/pdf,https://www.copperascovetx.gov/DocumentCenter/View/2180/Drinking-Water-Disinfection-and-the-Free-Chlorine-Conversion-Process-FA-Qs-PDF,https://web.archive.org/web/20250926090937/https://www.copperascovetx.gov/DocumentCenter/View/2180/Drinking-Water-Disinfection-and-the-Free-Chlorine-Conversion-Process-FA-Qs-PDF,https://web.archive.org/web/*/https://www.copperascovetx.gov/DocumentCenter/View/2180/Drinking-Water-Disinfection-and-the-Free-Chlorine-Conversion-Process-FA-Qs-PDF
HIGH,8,Water,2025,Emergency Water Restrictions Stage 4B Ordered 05 07 2022.pdf,priority category; infrastructure/money keyword; document/PDF,4,1,application/pdf,https://www.copperascovetx.gov/files/pio/press_releases/05-22/Emergency%20Water%20Restrictions%20Stage%204B%20Ordered%2005-07-2022.pdf,https://web.archive.org/web/20250212050906/https://www.copperascovetx.gov/files/pio/press_releases/05-22/Emergency%20Water%20Restrictions%20Stage%204B%20Ordered%2005-07-2022.pdf,https://web.archive.org/web/*/https://www.copperascovetx.gov/files/pio/press_releases/05-22/Emergency%20Water%20Restrictions%20Stage%204B%20Ordered%2005-07-2022.pdf
HIGH,8,Water,2025,KCCB Waterway Clean Up 02 26 2021.pdf,priority category; infrastructure/money keyword; document/PDF,2,1,application/pdf,https://www.copperascovetx.gov/files/pio/press_releases/02-21/KCCB%20Waterway%20Clean%20Up%2002-26-2021.pdf,https://web.archive.org/web/20250216154706/https://www.copperascovetx.gov/files/pio/press_releases/02-21/KCCB%20Waterway%20Clean%20Up%2002-26-2021.pdf,https://web.archive.org/web/*/https://www.copperascovetx.gov/files/pio/press_releases/02-21/KCCB%20Waterway%20Clean%20Up%2002-26-2021.pdf
HIGH,8,Water,2025,KCCB Waterway Cleanup 02 07 2020.pdf,priority category; infrastructure/money keyword; document/PDF,3,1,application/pdf,https://www.copperascovetx.gov/files/pio/press_releases/02-20/KCCB%20Waterway%20Cleanup%2002-07-2020.pdf,https://web.archive.org/web/20250210230444/https://www.copperascovetx.gov/files/pio/press_releases/02-20/KCCB%20Waterway%20Cleanup%2002-07-2020.pdf,https://web.archive.org/web/*/https://www.copperascovetx.gov/files/pio/press_releases/02-20/KCCB%20Waterway%20Cleanup%2002-07-2020.pdf
HIGH,8,Water,2025,KCCB Waterway Cleanup 02 25 2022.pdf,priority category; infrastructure/money keyword; document/PDF,2,1,application/pdf,https://www.copperascovetx.gov/files/pio/press_releases/02-22/KCCB%20Waterway%20Cleanup%2002-25-2022.pdf,https://web.archive.org/web/20250210232633/https://www.copperascovetx.gov/files/pio/press_releases/02-22/KCCB%20Waterway%20Cleanup%2002-25-2022.pdf,https://web.archive.org/web/*/https://www.copperascovetx.gov/files/pio/press_releases/02-22/KCCB%20Waterway%20Cleanup%2002-25-2022.pdf
HIGH,8,Water,2025,KCCB waterway cleanup.pdf,priority category; infrastructure/money keyword; document/PDF,3,1,application/pdf,https://www.copperascovetx.gov/files/pio/press_releases/04-19/KCCB_waterway_cleanup.pdf,https://web.archive.org/web/20250216153243/https://www.copperascovetx.gov/files/pio/press_releases/04-19/KCCB_waterway_cleanup.pdf,https://web.archive.org/web/*/https://www.copperascovetx.gov/files/pio/press_releases/04-19/KCCB_waterway_cleanup.pdf
HIGH,8,Water,2025,Low Income Household Water Assistance Program 06 23 2022.pdf,priority category; infrastructure/money keyword; document/PDF,3,1,application/pdf,https://www.copperascovetx.gov/files/pio/press_releases/06-22/Low-Income%20Household%20Water%20Assistance%20Program%2006-23-2022.pdf,https://web.archive.org/web/20250203015812/https://www.copperascovetx.gov/files/pio/press_releases/06-22/Low-Income%20Household%20Water%20Assistance%20Program%2006-23-2022.pdf,https://web.archive.org/web/*/https://www.copperascovetx.gov/files/pio/press_releases/06-22/Low-Income%20Household%20Water%20Assistance%20Program%2006-23-2022.pdf
HIGH,8,Water,2025,Mountain Top Pressure Loss Boil Water Notice Issued 09 08 2025 PDF,priority category; infrastructure/money keyword; document/PDF,1,1,application/pdf,https://www.copperascovetx.gov/DocumentCenter/View/4650/Mountain-Top-Pressure-Loss--Boil-Water-Notice-Issued-09-08-2025-PDF,https://web.archive.org/web/20250929065908/https://www.copperascovetx.gov/DocumentCenter/View/4650/Mountain-Top-Pressure-Loss--Boil-Water-Notice-Issued-09-08-2025-PDF,https://web.archive.org/web/*/https://www.copperascovetx.gov/DocumentCenter/View/4650/Mountain-Top-Pressure-Loss--Boil-Water-Notice-Issued-09-08-2025-PDF
HIGH,8,Water,2025,Mountain Top Pressure Plane and Stage 4B Water Restrictions Update.pdf,priority category; infrastructure/money keyword; document/PDF,2,1,application/pdf,https://www.copperascovetx.gov/files/pio/press_releases/02-21/Mountain%20Top%20Pressure%20Plane%20and%20Stage%204B%20Water%20Restrictions%20Update.pdf,https://web.archive.org/web/20250216152024/https://www.copperascovetx.gov/files/pio/press_releases/02-21/Mountain%20Top%20Pressure%20Plane%20and%20Stage%204B%20Water%20Restrictions%20Update.pdf,https://web.archive.org/web/*/https://www.copperascovetx.gov/files/pio/press_releases/02-21/Mountain%20Top%20Pressure%20Plane%20and%20Stage%204B%20Water%20Restrictions%20Update.pdf
HIGH,8,Water,2025,Notice of Water Service Interruption 04 28 22.pdf,priority category; infrastructure/money keyword; document/PDF,2,1,application/pdf,https://www.copperascovetx.gov/files/pio/press_releases/04-22/Notice%20of%20Water%20Service%20Interruption%2004-28-22.pdf,https://web.archive.org/web/20250210202145/https://www.copperascovetx.gov/files/pio/press_releases/04-22/Notice%20of%20Water%20Service%20Interruption%2004-28-22.pdf,https://web.archive.org/web/*/https://www.copperascovetx.gov/files/pio/press_releases/04-22/Notice%20of%20Water%20Service%20Interruption%2004-28-22.pdf
HIGH,8,Water,2025,Notice of Water Service Interruption 05 06 22.pdf,priority category; infrastructure/money keyword; document/PDF,3,1,application/pdf,https://www.copperascovetx.gov/files/pio/press_releases/05-22/Notice%20of%20Water%20Service%20Interruption%2005-06-22.pdf,https://web.archive.org/web/20250210191802/https://www.copperascovetx.gov/files/pio/press_releases/05-22/Notice%20of%20Water%20Service%20Interruption%2005-06-22.pdf,https://web.archive.org/web/*/https://www.copperascovetx.gov/files/pio/press_releases/05-22/Notice%20of%20Water%20Service%20Interruption%2005-06-22.pdf
HIGH,8,Water,2025,NoticeofWaterServiceInterruptionandBoilWaterNotice.pdf,priority category; infrastructure/money keyword; document/PDF,3,1,application/pdf,https://www.copperascovetx.gov/files/pio/press_releases/06-19/NoticeofWaterServiceInterruptionandBoilWaterNotice.pdf,https://web.archive.org/web/20250210191932/https://www.copperascovetx.gov/files/pio/press_releases/06-19/NoticeofWaterServiceInterruptionandBoilWaterNotice.pdf,https://web.archive.org/web/*/https://www.copperascovetx.gov/files/pio/press_releases/06-19/NoticeofWaterServiceInterruptionandBoilWaterNotice.pdf
HIGH,8,Water,2025,Pressure Planes Map PDF,priority category; infrastructure/money keyword; document/PDF,1,1,application/pdf,https://www.copperascovetx.gov/DocumentCenter/View/2370/Pressure-Planes-Map-PDF,https://web.archive.org/web/20250925210827/https://www.copperascovetx.gov/DocumentCenter/View/2370/Pressure-Planes-Map-PDF,https://web.archive.org/web/*/https://www.copperascovetx.gov/DocumentCenter/View/2370/Pressure-Planes-Map-PDF
HIGH,8,Water,2025,Pressure Planes Map.pdf,priority category; infrastructure/money keyword; document/PDF,2,1,application/pdf,https://www.copperascovetx.gov/files/public_works/Pressure_Planes_Map.pdf,https://web.archive.org/web/20250208154155/https://www.copperascovetx.gov/files/public_works/Pressure_Planes_Map.pdf,https://web.archive.org/web/*/https://www.copperascovetx.gov/files/public_works/Pressure_Planes_Map.pdf
HIGH,8,Water,2025,Proclamation2023.pdf,priority category; infrastructure/money keyword; document/PDF,2,1,application/pdf,https://www.copperascovetx.gov/files/public_works/stormwater/Proclamation2023.pdf,https://web.archive.org/web/20250208161718/https://www.copperascovetx.gov/files/public_works/stormwater/Proclamation2023.pdf,https://web.archive.org/web/*/https://www.copperascovetx.gov/files/public_works/stormwater/Proclamation2023.pdf
HIGH,8,Water,2025,Senior Activity Center Temporary Closure Due to Water Damage 04 26 2022.pdf,priority category; infrastructure/money keyword; document/PDF,2,1,application/pdf,https://www.copperascovetx.gov/files/pio/press_releases/04-22/Senior%20Activity%20Center%20Temporary%20Closure%20Due%20to%20Water%20Damage%2004-26-2022.pdf,https://web.archive.org/web/20250210232802/https://www.copperascovetx.gov/files/pio/press_releases/04-22/Senior%20Activity%20Center%20Temporary%20Closure%20Due%20to%20Water%20Damage%2004-26-2022.pdf,https://web.archive.org/web/*/https://www.copperascovetx.gov/files/pio/press_releases/04-22/Senior%20Activity%20Center%20Temporary%20Closure%20Due%20to%20Water%20Damage%2004-26-2022.pdf
HIGH,8,Water,2025,"Stage 2 Water Conservation Rescinded, Stage 1 Ordered 04 23 2024.pdf",priority category; infrastructure/money keyword; document/PDF,10,1,application/pdf,"https://www.copperascovetx.gov/files/pio/press_releases/04-24/Stage%202%20Water%20Conservation%20Rescinded,%20Stage%201%20Ordered%2004-23-2024.pdf","https://web.archive.org/web/20250215160051/https://www.copperascovetx.gov/files/pio/press_releases/04-24/Stage%202%20Water%20Conservation%20Rescinded,%20Stage%201%20Ordered%2004-23-2024.pdf","https://web.archive.org/web/*/https://www.copperascovetx.gov/files/pio/press_releases/04-24/Stage%202%20Water%20Conservation%20Rescinded,%20Stage%201%20Ordered%2004-23-2024.pdf"
HIGH,8,Water,2025,Stage 2 Water Restriction Order 02172 Signed.pdf,priority category; infrastructure/money keyword; document/PDF,2,1,application/pdf,https://www.copperascovetx.gov/files/pio/press_releases/02-21/Stage%202%20Water%20Restriction%20Order%2002172%20-%20Signed.pdf,https://web.archive.org/web/20250210202855/https://www.copperascovetx.gov/files/pio/press_releases/02-21/Stage%202%20Water%20Restriction%20Order%2002172%20-%20Signed.pdf,https://web.archive.org/web/*/https://www.copperascovetx.gov/files/pio/press_releases/02-21/Stage%202%20Water%20Restriction%20Order%2002172%20-%20Signed.pdf
HIGH,8,Water,2025,Stage 3 Water Conservation Rescinded.05 10 22.pdf,priority category; infrastructure/money keyword; document/PDF,2,1,application/pdf,https://www.copperascovetx.gov/files/pio/press_releases/05-22/Stage%203%20Water%20Conservation%20Rescinded.05-10-22.pdf,https://web.archive.org/web/20250212032903/https://www.copperascovetx.gov/files/pio/press_releases/05-22/Stage%203%20Water%20Conservation%20Rescinded.05-10-22.pdf,https://web.archive.org/web/*/https://www.copperascovetx.gov/files/pio/press_releases/05-22/Stage%203%20Water%20Conservation%20Rescinded.05-10-22.pdf
HIGH,8,Water,2025,Stage 4B Water Conservation Rescinded Stage 3 Ordered.05092022.pdf,priority category; infrastructure/money keyword; document/PDF,2,1,application/pdf,https://www.copperascovetx.gov/files/pio/press_releases/05-22/Stage%204B%20Water%20Conservation%20Rescinded%20Stage%203%20Ordered.05092022.pdf,https://web.archive.org/web/20250208190028/https://www.copperascovetx.gov/files/pio/press_releases/05-22/Stage%204B%20Water%20Conservation%20Rescinded%20Stage%203%20Ordered.05092022.pdf,https://web.archive.org/web/*/https://www.copperascovetx.gov/files/pio/press_releases/05-22/Stage%204B%20Water%20Conservation%20Rescinded%20Stage%203%20Ordered.05092022.pdf
HIGH,8,Water,2025,TCEQ Facts and Guidance.pdf,priority category; infrastructure/money keyword; document/PDF,3,1,application/pdf,https://www.copperascovetx.gov/files/water/TCEQ%20Facts%20and%20Guidance.pdf,https://web.archive.org/web/20250209233154/https://www.copperascovetx.gov/files/water/TCEQ%20Facts%20and%20Guidance.pdf,https://web.archive.org/web/*/https://www.copperascovetx.gov/files/water/TCEQ%20Facts%20and%20Guidance.pdf
HIGH,8,Water,2025,TCEQ Facts and Guidance.pdf,priority category; infrastructure/money keyword; document/PDF,1,1,application/pdf,http://www.copperascovetx.gov/files/water/TCEQ%20Facts%20and%20Guidance.pdf,https://web.archive.org/web/20250210234356/http://www.copperascovetx.gov/files/water/TCEQ%20Facts%20and%20Guidance.pdf,https://web.archive.org/web/*/http://www.copperascovetx.gov/files/water/TCEQ%20Facts%20and%20Guidance.pdf
HIGH,8,Water,2025,Update 4 1 20.pdf,priority category; infrastructure/money keyword; document/PDF,6,1,application/pdf,https://www.copperascovetx.gov/files/public_works/stormwater/Update_4_1_20.pdf,https://web.archive.org/web/20250208164424/https://www.copperascovetx.gov/files/public_works/stormwater/Update_4_1_20.pdf,https://web.archive.org/web/*/https://www.copperascovetx.gov/files/public_works/stormwater/Update_4_1_20.pdf
HIGH,8,Water,2025,Water Conservation and Drought Contingency Plan 2019.pdf,priority category; infrastructure/money keyword; document/PDF,3,1,application/pdf,https://www.copperascovetx.gov/files/pio/press_releases/02-21/Water%20Conservation%20and%20Drought%20Contingency%20Plan%202019.pdf,https://web.archive.org/web/20250216144030/https://www.copperascovetx.gov/files/pio/press_releases/02-21/Water%20Conservation%20and%20Drought%20Contingency%20Plan%202019.pdf,https://web.archive.org/web/*/https://www.copperascovetx.gov/files/pio/press_releases/02-21/Water%20Conservation%20and%20Drought%20Contingency%20Plan%202019.pdf
HIGH,8,Water,2025,Water Conservation and Drought Contingency Plan 2019.pdf,priority category; infrastructure/money keyword; document/PDF,2,1,application/pdf,https://www.copperascovetx.gov/files/pio/press_releases/05-22/Water%20Conservation%20and%20Drought%20Contingency%20Plan%202019.pdf,https://web.archive.org/web/20250216153550/https://www.copperascovetx.gov/files/pio/press_releases/05-22/Water%20Conservation%20and%20Drought%20Contingency%20Plan%202019.pdf,https://web.archive.org/web/*/https://www.copperascovetx.gov/files/pio/press_releases/05-22/Water%20Conservation%20and%20Drought%20Contingency%20Plan%202019.pdf
HIGH,8,Water,2025,Water Distribution Update Copperas Cove Update.pdf,priority category; infrastructure/money keyword; document/PDF,2,1,application/pdf,https://www.copperascovetx.gov/files/pio/press_releases/02-21/Water%20Distribution%20Update%20Copperas%20Cove%20Update.pdf,https://web.archive.org/web/20250216154403/https://www.copperascovetx.gov/files/pio/press_releases/02-21/Water%20Distribution%20Update%20Copperas%20Cove%20Update.pdf,https://web.archive.org/web/*/https://www.copperascovetx.gov/files/pio/press_releases/02-21/Water%20Distribution%20Update%20Copperas%20Cove%20Update.pdf
HIGH,8,Water,2025,Water Restrictions Stage 1 Ordered 08 08 2022.pdf,priority category; infrastructure/money keyword; document/PDF,2,1,application/pdf,https://www.copperascovetx.gov/files/pio/press_releases/08-22/Water%20Restrictions%20-%20Stage%201%20Ordered%2008-08-2022.pdf,https://web.archive.org/web/20250203032759/https://www.copperascovetx.gov/files/pio/press_releases/08-22/Water%20Restrictions%20-%20Stage%201%20Ordered%2008-08-2022.pdf,https://web.archive.org/web/*/https://www.copperascovetx.gov/files/pio/press_releases/08-22/Water%20Restrictions%20-%20Stage%201%20Ordered%2008-08-2022.pdf
HIGH,8,Water,2025,Water Restrictions Stage 3 Order 05 09 2022 Signed.pdf,priority category; infrastructure/money keyword; document/PDF,2,1,application/pdf,https://www.copperascovetx.gov/files/pio/press_releases/05-22/Water%20Restrictions%20Stage%203%20Order-05-09-2022-Signed.pdf,https://web.archive.org/web/20250211002429/https://www.copperascovetx.gov/files/pio/press_releases/05-22/Water%20Restrictions%20Stage%203%20Order-05-09-2022-Signed.pdf,https://web.archive.org/web/*/https://www.copperascovetx.gov/files/pio/press_releases/05-22/Water%20Restrictions%20Stage%203%20Order-05-09-2022-Signed.pdf
HIGH,8,Water,2025,WhatIsStormWater.pdf,priority category; infrastructure/money keyword; document/PDF,2,1,application/pdf,https://www.copperascovetx.gov/files/public_works/stormwater/ed/WhatIsStormWater.pdf,https://web.archive.org/web/20250326232325/https://www.copperascovetx.gov/files/public_works/stormwater/ed/WhatIsStormWater.pdf,https://web.archive.org/web/*/https://www.copperascovetx.gov/files/public_works/stormwater/ed/WhatIsStormWater.pdf
HIGH,8,Water,2025,backflow.pdf,priority category; infrastructure/money keyword; document/PDF,5,1,application/pdf,https://www.copperascovetx.gov/files/forms/water/backflow.pdf,https://web.archive.org/web/20250208045654/https://www.copperascovetx.gov/files/forms/water/backflow.pdf,https://web.archive.org/web/*/https://www.copperascovetx.gov/files/forms/water/backflow.pdf
HIGH,8,Water,2025,cocc ms4 permit.pdf,priority category; infrastructure/money keyword; document/PDF,6,1,application/pdf,https://www.copperascovetx.gov/files/public_works/stormwater/cocc_ms4_permit.pdf,https://web.archive.org/web/20250208153556/https://www.copperascovetx.gov/files/public_works/stormwater/cocc_ms4_permit.pdf,https://web.archive.org/web/*/https://www.copperascovetx.gov/files/public_works/stormwater/cocc_ms4_permit.pdf
HIGH,8,Water,2025,food water.pdf,priority category; infrastructure/money keyword; document/PDF,5,1,application/pdf,https://www.copperascovetx.gov/files/fire/emergency_preparedness/food_water.pdf,https://web.archive.org/web/20250327004326/https://www.copperascovetx.gov/files/fire/emergency_preparedness/food_water.pdf,https://web.archive.org/web/*/https://www.copperascovetx.gov/files/fire/emergency_preparedness/food_water.pdf
HIGH,8,Water,2025,water conservation drought contingency.pdf,priority category; infrastructure/money keyword; document/PDF,6,1,application/pdf,https://www.copperascovetx.gov/files/water/water_conservation_drought_contingency.pdf,https://web.archive.org/web/20250208050405/https://www.copperascovetx.gov/files/water/water_conservation_drought_contingency.pdf,https://web.archive.org/web/*/https://www.copperascovetx.gov/files/water/water_conservation_drought_contingency.pdf
HIGH,8,Water,2025,water.pdf,priority category; infrastructure/money keyword; document/PDF,4,1,application/pdf,https://www.copperascovetx.gov/files/pio/press_releases/10-18/water.pdf,https://web.archive.org/web/20250212033714/https://www.copperascovetx.gov/files/pio/press_releases/10-18/water.pdf,https://web.archive.org/web/*/https://www.copperascovetx.gov/files/pio/press_releases/10-18/water.pdf
HIGH,8,Water,2025,waterway.pdf,priority category; infrastructure/money keyword; document/PDF,3,1,application/pdf,https://www.copperascovetx.gov/files/pio/press_releases/03-19/waterway.pdf,https://web.archive.org/web/20250216092552/https://www.copperascovetx.gov/files/pio/press_releases/03-19/waterway.pdf,https://web.archive.org/web/*/https://www.copperascovetx.gov/files/pio/press_releases/03-19/waterway.pdf
HIGH,8,Water,2026,Boil Water Notice Issued 123025 PDF,priority category; infrastructure/money keyword; document/PDF,1,1,application/pdf,https://www.copperascovetx.gov/DocumentCenter/View/4977/Boil-Water-Notice-Issued-123025-PDF,https://web.archive.org/web/20260101130423/https://www.copperascovetx.gov/DocumentCenter/View/4977/Boil-Water-Notice-Issued-123025-PDF,https://web.archive.org/web/*/https://www.copperascovetx.gov/DocumentCenter/View/4977/Boil-Water-Notice-Issued-123025-PDF
HIGH,8,Water,2026,Boil Water Notice Issued Donna Ave PDF,priority category; infrastructure/money keyword; document/PDF,1,1,application/pdf,https://www.copperascovetx.gov/DocumentCenter/View/4981/Boil-Water-Notice-Issued-Donna-Ave-PDF,https://web.archive.org/web/20260102221441/https://www.copperascovetx.gov/DocumentCenter/View/4981/Boil-Water-Notice-Issued-Donna-Ave-PDF,https://web.archive.org/web/*/https://www.copperascovetx.gov/DocumentCenter/View/4981/Boil-Water-Notice-Issued-Donna-Ave-PDF
HIGH,8,Water,2026,Boil Water Notice Issued Donna Ave PDF,priority category; infrastructure/money keyword; document/PDF,1,1,application/pdf,https://www.copperascovetx.gov/DocumentCenter/View/4981/Boil-Water-Notice-Issued-Donna-Ave-PDF?bidId=,https://web.archive.org/web/20260102222217/https://www.copperascovetx.gov/DocumentCenter/View/4981/Boil-Water-Notice-Issued-Donna-Ave-PDF?bidId=,https://web.archive.org/web/*/https://www.copperascovetx.gov/DocumentCenter/View/4981/Boil-Water-Notice-Issued-Donna-Ave-PDF?bidId=
HIGH,8,Water,2026,Boil Water Notice Rescinded 01 03 2026 PDF,priority category; infrastructure/money keyword; document/PDF,1,1,application/pdf,https://www.copperascovetx.gov/DocumentCenter/View/4991/Boil-Water-Notice-Rescinded-01-03-2026-PDF,https://web.archive.org/web/20260105230000/https://www.copperascovetx.gov/DocumentCenter/View/4991/Boil-Water-Notice-Rescinded-01-03-2026-PDF,https://web.archive.org/web/*/https://www.copperascovetx.gov/DocumentCenter/View/4991/Boil-Water-Notice-Rescinded-01-03-2026-PDF
HIGH,8,Water,2026,Boil Water Notice Rescinded E AVE F 10226 PDF,priority category; infrastructure/money keyword; document/PDF,1,1,application/pdf,https://www.copperascovetx.gov/DocumentCenter/View/4989/Boil-Water-Notice-Rescinded-E-AVE-F-10226-PDF,https://web.archive.org/web/20260102174301/https://www.copperascovetx.gov/DocumentCenter/View/4989/Boil-Water-Notice-Rescinded-E-AVE-F-10226-PDF,https://web.archive.org/web/*/https://www.copperascovetx.gov/DocumentCenter/View/4989/Boil-Water-Notice-Rescinded-E-AVE-F-10226-PDF
HIGH,7,Budget / Finance,2025,feed,review category; 33 unique versions; financial/project keyword,33,33,application/rss+xml,https://www.copperascovetx.gov/comments/feed/,https://web.archive.org/web/20250215191239/https://www.copperascovetx.gov/comments/feed/,https://web.archive.org/web/*/https://www.copperascovetx.gov/comments/feed/
HIGH,7,Budget / Finance,2025,feed,review category; 31 unique versions; financial/project keyword,34,31,application/rss+xml,https://www.copperascovetx.gov/feed/,https://web.archive.org/web/20250215160900/https://www.copperascovetx.gov/feed/,https://web.archive.org/web/*/https://www.copperascovetx.gov/feed/
HIGH,7,Other Public Money,2025,municipal court,20 unique versions; infrastructure/money keyword,21,20,text/html,https://www.copperascovetx.gov/municipal_court/,https://web.archive.org/web/20250523213031/https://www.copperascovetx.gov/municipal_court/,https://web.archive.org/web/*/https://www.copperascovetx.gov/municipal_court/
HIGH,7,Budget / Finance,2025,finance department,review category; 15 unique versions; financial/project keyword,19,15,text/html,https://www.copperascovetx.gov/finance_department/,https://web.archive.org/web/20250612222708/https://www.copperascovetx.gov/finance_department/,https://web.archive.org/web/*/https://www.copperascovetx.gov/finance_department/
HIGH,7,Budget / Finance,2025,tax rate,review category; 15 unique versions; financial/project keyword,45,15,text/html,https://www.copperascovetx.gov/budget/tax_rate/,https://web.archive.org/web/20250718194525/https://www.copperascovetx.gov/budget/tax_rate/,https://web.archive.org/web/*/https://www.copperascovetx.gov/budget/tax_rate/
HIGH,7,Other Public Money,2025,municipal cemetery,14 unique versions; infrastructure/money keyword,18,14,text/html,https://www.copperascovetx.gov/municipal_cemetery/,https://web.archive.org/web/20250203024946/https://www.copperascovetx.gov/municipal_cemetery/,https://web.archive.org/web/*/https://www.copperascovetx.gov/municipal_cemetery/
HIGH,7,Budget / Finance,2025,budget information,review category; 13 unique versions; financial/project keyword,19,13,text/html,https://www.copperascovetx.gov/budget/budget_information/,https://web.archive.org/web/20250203033931/https://www.copperascovetx.gov/budget/budget_information/,https://web.archive.org/web/*/https://www.copperascovetx.gov/budget/budget_information/
HIGH,7,Budget / Finance,2025,budget plans,review category; 13 unique versions; financial/project keyword,17,13,text/html,https://www.copperascovetx.gov/budget/budget_plans/,https://web.archive.org/web/20250203042551/https://www.copperascovetx.gov/budget/budget_plans/,https://web.archive.org/web/*/https://www.copperascovetx.gov/budget/budget_plans/
HIGH,7,Budget / Finance,2025,reports,review category; 13 unique versions; financial/project keyword,17,13,text/html,https://www.copperascovetx.gov/finance_department/reports/,https://web.archive.org/web/20250803024721/https://www.copperascovetx.gov/finance_department/reports/,https://web.archive.org/web/*/https://www.copperascovetx.gov/finance_department/reports/
HIGH,7,Budget / Finance,2025,unclaimed property,review category; 13 unique versions; financial/project keyword,18,13,text/html,https://www.copperascovetx.gov/finance_department/unclaimed_property/,https://web.archive.org/web/20250612222031/https://www.copperascovetx.gov/finance_department/unclaimed_property/,https://web.archive.org/web/*/https://www.copperascovetx.gov/finance_department/unclaimed_property/
HIGH,7,Budget / Finance,2025,budget notices,review category; 12 unique versions; financial/project keyword,15,12,text/html,https://www.copperascovetx.gov/budget/budget_notices/,https://web.archive.org/web/20250316041042/https://www.copperascovetx.gov/budget/budget_notices/,https://web.archive.org/web/*/https://www.copperascovetx.gov/budget/budget_notices/
HIGH,7,Budget / Finance,2023,budget presentations,review category; 11 unique versions; financial/project keyword,11,11,text/html,https://www.copperascovetx.gov/budget/budget-presentations/,https://web.archive.org/web/20230925142159/https://www.copperascovetx.gov/budget/budget-presentations/,https://web.archive.org/web/*/https://www.copperascovetx.gov/budget/budget-presentations/
HIGH,7,Budget / Finance,2025,budget,review category; 11 unique versions; financial/project keyword,16,11,text/html,https://www.copperascovetx.gov/budget/,https://web.archive.org/web/20250203005508/https://www.copperascovetx.gov/budget/,https://web.archive.org/web/*/https://www.copperascovetx.gov/budget/
HIGH,7,Budget / Finance,2020,feed,review category; 10 unique versions; financial/project keyword,10,10,application/rss+xml,http://www.copperascovetx.gov/comments/feed/,https://web.archive.org/web/20200404122206/http://www.copperascovetx.gov/comments/feed/,https://web.archive.org/web/*/http://www.copperascovetx.gov/comments/feed/
HIGH,7,Budget / Finance,2024,funding requests,review category; 10 unique versions; financial/project keyword,14,10,text/html,https://www.copperascovetx.gov/budget/funding_requests/,https://web.archive.org/web/20240530091346/https://www.copperascovetx.gov/budget/funding_requests/,https://web.archive.org/web/*/https://www.copperascovetx.gov/budget/funding_requests/
HIGH,7,Budget / Finance,2025,gfoa awards,review category; 10 unique versions; financial/project keyword,11,10,text/html,https://www.copperascovetx.gov/budget/gfoa_awards/,https://web.archive.org/web/20250718194758/https://www.copperascovetx.gov/budget/gfoa_awards/,https://web.archive.org/web/*/https://www.copperascovetx.gov/budget/gfoa_awards/
HIGH,7,Budget / Finance,2020,feed,review category; 9 unique versions; financial/project keyword,9,9,application/rss+xml,http://www.copperascovetx.gov/feed/,https://web.archive.org/web/20200404120300/http://www.copperascovetx.gov/feed/,https://web.archive.org/web/*/http://www.copperascovetx.gov/feed/
HIGH,7,Budget / Finance,2025,budgets,review category; 9 unique versions; financial/project keyword,12,9,text/html,https://www.copperascovetx.gov/budget/budgets/,https://web.archive.org/web/20250216075406/https://www.copperascovetx.gov/budget/budgets/,https://web.archive.org/web/*/https://www.copperascovetx.gov/budget/budgets/
HIGH,7,Budget / Finance,2025,energy consumption,review category; 9 unique versions; financial/project keyword,10,9,text/html,https://www.copperascovetx.gov/finance_department/energy_consumption/,https://web.archive.org/web/20250523195348/https://www.copperascovetx.gov/finance_department/energy_consumption/,https://web.archive.org/web/*/https://www.copperascovetx.gov/finance_department/energy_consumption/
HIGH,7,Budget / Finance,2015,budget.htm,review category; 6 unique versions; financial/project keyword,6,6,text/html,http://www.copperascovetx.gov:80/pages/finance_department/budget.htm,https://web.archive.org/web/20150325191642/http://www.copperascovetx.gov:80/pages/finance_department/budget.htm,https://web.archive.org/web/*/http://www.copperascovetx.gov:80/pages/finance_department/budget.htm
HIGH,7,Budget / Finance,2020,budget,review category; 6 unique versions; financial/project keyword,6,6,text/html,http://www.copperascovetx.gov/budget/,https://web.archive.org/web/20200502165538/http://www.copperascovetx.gov/budget/,https://web.archive.org/web/*/http://www.copperascovetx.gov/budget/
HIGH,7,Budget / Finance,2020,budget plans,review category; 6 unique versions; financial/project keyword,6,6,text/html,http://www.copperascovetx.gov/budget/budget_plans/,https://web.archive.org/web/20200502162635/http://www.copperascovetx.gov/budget/budget_plans/,https://web.archive.org/web/*/http://www.copperascovetx.gov/budget/budget_plans/
HIGH,7,Budget / Finance,2020,tax rate,review category; 6 unique versions; financial/project keyword,6,6,text/html,http://www.copperascovetx.gov/budget/tax_rate/,https://web.archive.org/web/20200502173530/http://www.copperascovetx.gov/budget/tax_rate/,https://web.archive.org/web/*/http://www.copperascovetx.gov/budget/tax_rate/
HIGH,7,Budget / Finance,2025,conflict of interest,review category; 6 unique versions; financial/project keyword,6,6,text/html,https://www.copperascovetx.gov/finance_department/conflict_of_interest/,https://web.archive.org/web/20250203005745/https://www.copperascovetx.gov/finance_department/conflict_of_interest/,https://web.archive.org/web/*/https://www.copperascovetx.gov/finance_department/conflict_of_interest/
HIGH,7,Budget / Finance,2025,feed,review category; 6 unique versions; financial/project keyword,6,6,application/rss+xml,https://www.copperascovetx.gov/author/coccgm/feed/,https://web.archive.org/web/20250203041633/https://www.copperascovetx.gov/author/coccgm/feed/,https://web.archive.org/web/*/https://www.copperascovetx.gov/author/coccgm/feed/
HIGH,7,Budget / Finance,2025,gfoa,review category; 6 unique versions; financial/project keyword,8,6,text/html,https://www.copperascovetx.gov/finance_department/gfoa/,https://web.archive.org/web/20250803030044/https://www.copperascovetx.gov/finance_department/gfoa/,https://web.archive.org/web/*/https://www.copperascovetx.gov/finance_department/gfoa/
HIGH,7,Other Public Money,2020,municipal cemetery,6 unique versions; infrastructure/money keyword,6,6,text/html,http://www.copperascovetx.gov/municipal_cemetery/,https://web.archive.org/web/20200502171345/http://www.copperascovetx.gov/municipal_cemetery/,https://web.archive.org/web/*/http://www.copperascovetx.gov/municipal_cemetery/
HIGH,7,Other Public Money,2020,municipal court,6 unique versions; infrastructure/money keyword,6,6,text/html,http://www.copperascovetx.gov/municipal_court/,https://web.archive.org/web/20200502155654/http://www.copperascovetx.gov/municipal_court/,https://web.archive.org/web/*/http://www.copperascovetx.gov/municipal_court/
HIGH,7,Budget / Finance,2015,tax rate.htm,review category; 5 unique versions; financial/project keyword,5,5,text/html,http://www.copperascovetx.gov:80/pages/finance_department/tax_rate.htm,https://web.archive.org/web/20150228213211/http://www.copperascovetx.gov:80/pages/finance_department/tax_rate.htm,https://web.archive.org/web/*/http://www.copperascovetx.gov:80/pages/finance_department/tax_rate.htm
HIGH,7,Budget / Finance,2020,funding requests,review category; 5 unique versions; financial/project keyword,5,5,text/html,http://www.copperascovetx.gov/budget/funding_requests/,https://web.archive.org/web/20200502153727/http://www.copperascovetx.gov/budget/funding_requests/,https://web.archive.org/web/*/http://www.copperascovetx.gov/budget/funding_requests/
HIGH,7,Budget / Finance,2020,reports,review category; 5 unique versions; financial/project keyword,5,5,text/html,http://www.copperascovetx.gov/finance_department/reports/,https://web.archive.org/web/20200402104624/http://www.copperascovetx.gov/finance_department/reports/,https://web.archive.org/web/*/http://www.copperascovetx.gov/finance_department/reports/
HIGH,7,Solid Waste,2024,sw map.pdf,review category; 5 unique versions; document/PDF,9,5,application/pdf,https://www.copperascovetx.gov/files/solid_waste/sw_map.pdf,https://web.archive.org/web/20241212202515/https://www.copperascovetx.gov/files/solid_waste/sw_map.pdf,https://web.archive.org/web/*/https://www.copperascovetx.gov/files/solid_waste/sw_map.pdf
HIGH,7,Solid Waste,2025,schedule.pdf,review category; 5 unique versions; document/PDF,11,5,application/pdf,https://www.copperascovetx.gov/files/solid_waste/collection_schedule/schedule.pdf,https://web.archive.org/web/20250203023618/https://www.copperascovetx.gov/files/solid_waste/collection_schedule/schedule.pdf,https://web.archive.org/web/*/https://www.copperascovetx.gov/files/solid_waste/collection_schedule/schedule.pdf
HIGH,7,Budget / Finance,2025,21 22.pdf,review category; 4 unique versions; financial/project keyword; document/PDF,4,4,application/pdf,https://www.copperascovetx.gov/files/budget/budgets/21-22.pdf,https://web.archive.org/web/20250327011607/https://www.copperascovetx.gov/files/budget/budgets/21-22.pdf,https://web.archive.org/web/*/https://www.copperascovetx.gov/files/budget/budgets/21-22.pdf
HIGH,7,Drainage / Stormwater,2020,drainage,review category; 3 unique versions; infrastructure/money keyword,3,3,text/html,http://www.copperascovetx.gov/public_works/drainage/,https://web.archive.org/web/20200402101547/http://www.copperascovetx.gov/public_works/drainage/,https://web.archive.org/web/*/http://www.copperascovetx.gov/public_works/drainage/
HIGH,7,Drainage / Stormwater,2025,NFIP Increased Cost of Compliance Coverage How You Can Benefit.pdf,review category; 2 unique versions; infrastructure/money keyword; document/PDF,3,2,application/pdf,https://www.copperascovetx.gov/files/planning/floodplain/NFIP%20Brochures/NFIP%20-%20Increased%20Cost%20of%20Compliance%20Coverage%20-%20How%20You%20Can%20Benefit.pdf,https://web.archive.org/web/20250203005915/https://www.copperascovetx.gov/files/planning/floodplain/NFIP%20Brochures/NFIP%20-%20Increased%20Cost%20of%20Compliance%20Coverage%20-%20How%20You%20Can%20Benefit.pdf,https://web.archive.org/web/*/https://www.copperascovetx.gov/files/planning/floodplain/NFIP%20Brochures/NFIP%20-%20Increased%20Cost%20of%20Compliance%20Coverage%20-%20How%20You%20Can%20Benefit.pdf
HIGH,7,Drainage / Stormwater,2025,NFIP The Benefits of Flood Insurance Versus Disaster Insurance.pdf,review category; 2 unique versions; infrastructure/money keyword; document/PDF,3,2,application/pdf,https://www.copperascovetx.gov/files/planning/floodplain/NFIP%20Brochures/NFIP%20-%20The%20Benefits%20of%20Flood%20Insurance%20Versus%20Disaster%20Insurance.pdf,https://web.archive.org/web/20250203070716/https://www.copperascovetx.gov/files/planning/floodplain/NFIP%20Brochures/NFIP%20-%20The%20Benefits%20of%20Flood%20Insurance%20Versus%20Disaster%20Insurance.pdf,https://web.archive.org/web/*/https://www.copperascovetx.gov/files/planning/floodplain/NFIP%20Brochures/NFIP%20-%20The%20Benefits%20of%20Flood%20Insurance%20Versus%20Disaster%20Insurance.pdf
HIGH,7,Budget / Finance,2016,report.pdf,review category; infrastructure/money keyword; financial/project keyword; document/PDF,1,1,application/pdf,http://www.copperascovetx.gov/files/municipal_court/appt_fees/report.pdf,https://web.archive.org/web/20161227194037/http://www.copperascovetx.gov/files/municipal_court/appt_fees/report.pdf,https://web.archive.org/web/*/http://www.copperascovetx.gov/files/municipal_court/appt_fees/report.pdf
HIGH,7,Budget / Finance,2025,2017 05 Participation in a Coalition of Cities to Change Rates of Atmos Pipeline PDF,review category; infrastructure/money keyword; financial/project keyword; document/PDF,1,1,application/pdf,https://www.copperascovetx.gov/DocumentCenter/View/1051/2017-05-Participation-in-a-Coalition-of-Cities-to-Change-Rates-of-Atmos-Pipeline-PDF,https://web.archive.org/web/20250925214057/https://www.copperascovetx.gov/DocumentCenter/View/1051/2017-05-Participation-in-a-Coalition-of-Cities-to-Change-Rates-of-Atmos-Pipeline-PDF,https://web.archive.org/web/*/https://www.copperascovetx.gov/DocumentCenter/View/1051/2017-05-Participation-in-a-Coalition-of-Cities-to-Change-Rates-of-Atmos-Pipeline-PDF
HIGH,7,Budget / Finance,2025,2019 23 Ratifying the Votes to Adopt the 2019 2020 Budget and Plan of Municipal Services and 2019 2020 Tax Rate PDF,review category; infrastructure/money keyword; financial/project keyword; document/PDF,1,1,application/pdf,https://www.copperascovetx.gov/DocumentCenter/View/982/2019-23-Ratifying-the-Votes-to-Adopt-the-2019-2020-Budget-and-Plan-of-Municipal-Services-and-2019-2020-Tax-Rate-PDF,https://web.archive.org/web/20250927193129/https://www.copperascovetx.gov/DocumentCenter/View/982/2019-23-Ratifying-the-Votes-to-Adopt-the-2019-2020-Budget-and-Plan-of-Municipal-Services-and-2019-2020-Tax-Rate-PDF,https://web.archive.org/web/*/https://www.copperascovetx.gov/DocumentCenter/View/982/2019-23-Ratifying-the-Votes-to-Adopt-the-2019-2020-Budget-and-Plan-of-Municipal-Services-and-2019-2020-Tax-Rate-PDF
HIGH,7,Budget / Finance,2025,2021 24 Ratifying the Votes to Adopt the 2021 2022 Budget and plan of Municipal Services PDF,review category; infrastructure/money keyword; financial/project keyword; document/PDF,1,1,application/pdf,https://www.copperascovetx.gov/DocumentCenter/View/887/2021-24-Ratifying-the-Votes-to-Adopt-the-2021-2022-Budget-and-plan-of-Municipal-Services-PDF,https://web.archive.org/web/20250928043557/https://www.copperascovetx.gov/DocumentCenter/View/887/2021-24-Ratifying-the-Votes-to-Adopt-the-2021-2022-Budget-and-plan-of-Municipal-Services-PDF,https://web.archive.org/web/*/https://www.copperascovetx.gov/DocumentCenter/View/887/2021-24-Ratifying-the-Votes-to-Adopt-the-2021-2022-Budget-and-plan-of-Municipal-Services-PDF
HIGH,7,Budget / Finance,2025,2023 22 Ratifying the Votes to Adopt the 2023 2024 Budget and Plan of Municipal Services PDF,review category; infrastructure/money keyword; financial/project keyword; document/PDF,1,1,application/pdf,https://www.copperascovetx.gov/DocumentCenter/View/843/2023-22-Ratifying-the-Votes-to-Adopt-the-2023-2024-Budget-and-Plan-of-Municipal-Services-PDF,https://web.archive.org/web/20250925210308/https://www.copperascovetx.gov/DocumentCenter/View/843/2023-22-Ratifying-the-Votes-to-Adopt-the-2023-2024-Budget-and-Plan-of-Municipal-Services-PDF,https://web.archive.org/web/*/https://www.copperascovetx.gov/DocumentCenter/View/843/2023-22-Ratifying-the-Votes-to-Adopt-the-2023-2024-Budget-and-Plan-of-Municipal-Services-PDF
HIGH,7,Contracts / Bids,2016,Contractor Renewal Form.doc,priority category; infrastructure/money keyword,1,1,application/msword,http://www.copperascovetx.gov/files/forms/building/Contractor_Renewal_Form.doc,https://web.archive.org/web/20161228194900/http://www.copperascovetx.gov/files/forms/building/Contractor_Renewal_Form.doc,https://web.archive.org/web/*/http://www.copperascovetx.gov/files/forms/building/Contractor_Renewal_Form.doc
HIGH,7,Contracts / Bids,2020,Contractor Renewal Form.doc,priority category; infrastructure/money keyword,1,1,application/msword,https://www.copperascovetx.gov/files/forms/building/Contractor_Renewal_Form.doc,https://web.archive.org/web/20201018165615/https://www.copperascovetx.gov/files/forms/building/Contractor_Renewal_Form.doc,https://web.archive.org/web/*/https://www.copperascovetx.gov/files/forms/building/Contractor_Renewal_Form.doc
HIGH,7,Contracts / Bids,2025,Claim Form A General Claim Form DOC,priority category; infrastructure/money keyword,1,1,application/msword,https://www.copperascovetx.gov/DocumentCenter/View/1560/Claim-Form-A---General-Claim-Form-DOC?bidId=,https://web.archive.org/web/20250929120532/https://www.copperascovetx.gov/DocumentCenter/View/1560/Claim-Form-A---General-Claim-Form-DOC?bidId=,https://web.archive.org/web/*/https://www.copperascovetx.gov/DocumentCenter/View/1560/Claim-Form-A---General-Claim-Form-DOC?bidId=
HIGH,7,Contracts / Bids,2025,Claim Form B Original Owner Claim Form DOC,priority category; infrastructure/money keyword,1,1,application/msword,https://www.copperascovetx.gov/DocumentCenter/View/1562/Claim-Form-B---Original-Owner-Claim-Form-DOC?bidId=,https://web.archive.org/web/20250928075853/https://www.copperascovetx.gov/DocumentCenter/View/1562/Claim-Form-B---Original-Owner-Claim-Form-DOC?bidId=,https://web.archive.org/web/*/https://www.copperascovetx.gov/DocumentCenter/View/1562/Claim-Form-B---Original-Owner-Claim-Form-DOC?bidId=
HIGH,7,Contracts / Bids,2025,bids.aspx,priority category; infrastructure/money keyword,1,1,text/html,https://www.copperascovetx.gov/bids.aspx,https://web.archive.org/web/20250926192758/https://www.copperascovetx.gov/bids.aspx,https://web.archive.org/web/*/https://www.copperascovetx.gov/bids.aspx
HIGH,7,Drainage / Stormwater,2021,flood ins rate maps.pdf,review category; infrastructure/money keyword; financial/project keyword; document/PDF,2,1,application/pdf,https://www.copperascovetx.gov/files/planning/flood/flood_ins_rate_maps.pdf,https://web.archive.org/web/20210304091029/https://www.copperascovetx.gov/files/planning/flood/flood_ins_rate_maps.pdf,https://web.archive.org/web/*/https://www.copperascovetx.gov/files/planning/flood/flood_ins_rate_maps.pdf
HIGH,7,Drainage / Stormwater,2025,2021 43 Expenditures to be Incurred for the Design of the Reconstruction and Drainage of Suja Lane PDF,review category; infrastructure/money keyword; financial/project keyword; document/PDF,1,1,application/pdf,https://www.copperascovetx.gov/DocumentCenter/View/905/2021-43-Expenditures-to-be-Incurred-for-the-Design-of-the-Reconstruction-and-Drainage-of-Suja-Lane-PDF,https://web.archive.org/web/20250927213921/https://www.copperascovetx.gov/DocumentCenter/View/905/2021-43-Expenditures-to-be-Incurred-for-the-Design-of-the-Reconstruction-and-Drainage-of-Suja-Lane-PDF,https://web.archive.org/web/*/https://www.copperascovetx.gov/DocumentCenter/View/905/2021-43-Expenditures-to-be-Incurred-for-the-Design-of-the-Reconstruction-and-Drainage-of-Suja-Lane-PDF
HIGH,7,Drainage / Stormwater,2025,Addendum No. 2 Suja Lane Reconstruction and Drainage Improvements 7 21 2023.pdf,review category; infrastructure/money keyword; financial/project keyword; document/PDF,1,1,application/pdf,https://www.copperascovetx.gov/files/finance/bid_requests/2023-09-53/Addendum%20No.%202%20-%20Suja%20Lane%20Reconstruction%20and%20Drainage%20Improvements%207-21-2023.pdf,https://web.archive.org/web/20250203030348/https://www.copperascovetx.gov/files/finance/bid_requests/2023-09-53/Addendum%20No.%202%20-%20Suja%20Lane%20Reconstruction%20and%20Drainage%20Improvements%207-21-2023.pdf,https://web.archive.org/web/*/https://www.copperascovetx.gov/files/finance/bid_requests/2023-09-53/Addendum%20No.%202%20-%20Suja%20Lane%20Reconstruction%20and%20Drainage%20Improvements%207-21-2023.pdf
HIGH,7,Drainage / Stormwater,2025,Hardeman and Martin Luther King Jr. Drive Drainage Improvement Project.01302023.pdf,review category; infrastructure/money keyword; financial/project keyword; document/PDF,2,1,application/pdf,https://www.copperascovetx.gov/files/pio/press_releases/01-23/Hardeman%20and%20Martin%20Luther%20King%20Jr.%20Drive%20Drainage%20Improvement%20Project.01302023.pdf,https://web.archive.org/web/20250216081831/https://www.copperascovetx.gov/files/pio/press_releases/01-23/Hardeman%20and%20Martin%20Luther%20King%20Jr.%20Drive%20Drainage%20Improvement%20Project.01302023.pdf,https://web.archive.org/web/*/https://www.copperascovetx.gov/files/pio/press_releases/01-23/Hardeman%20and%20Martin%20Luther%20King%20Jr.%20Drive%20Drainage%20Improvement%20Project.01302023.pdf
HIGH,7,Drainage / Stormwater,2025,Pecan Cove Drive Reconstruction and Drainage Improvements Project 04 01 2021 .pdf,review category; infrastructure/money keyword; financial/project keyword; document/PDF,2,1,application/pdf,https://www.copperascovetx.gov/files/pio/press_releases/04-21/Pecan%20Cove%20Drive%20Reconstruction%20and%20Drainage%20Improvements%20Project%2004-01-2021%20.pdf,https://web.archive.org/web/20250210200553/https://www.copperascovetx.gov/files/pio/press_releases/04-21/Pecan%20Cove%20Drive%20Reconstruction%20and%20Drainage%20Improvements%20Project%2004-01-2021%20.pdf,https://web.archive.org/web/*/https://www.copperascovetx.gov/files/pio/press_releases/04-21/Pecan%20Cove%20Drive%20Reconstruction%20and%20Drainage%20Improvements%20Project%2004-01-2021%20.pdf
HIGH,7,Drainage / Stormwater,2025,Ramblewood Estates Drainage Improvements Project PDF,review category; infrastructure/money keyword; financial/project keyword; document/PDF,1,1,application/pdf,https://www.copperascovetx.gov/DocumentCenter/View/4797/Ramblewood-Estates-Drainage-Improvements-Project-PDF,https://web.archive.org/web/20251101030719/https://www.copperascovetx.gov/DocumentCenter/View/4797/Ramblewood-Estates-Drainage-Improvements-Project-PDF,https://web.archive.org/web/*/https://www.copperascovetx.gov/DocumentCenter/View/4797/Ramblewood-Estates-Drainage-Improvements-Project-PDF
HIGH,7,Golf,2016,jr golf reg.doc,priority category; infrastructure/money keyword,1,1,application/msword,http://www.copperascovetx.gov/files/forms/golf/jr_golf_reg.doc,https://web.archive.org/web/20161224104224/http://www.copperascovetx.gov/files/forms/golf/jr_golf_reg.doc,https://web.archive.org/web/*/http://www.copperascovetx.gov/files/forms/golf/jr_golf_reg.doc
HIGH,7,Golf,2017,molnes golf tournament,priority category; infrastructure/money keyword,1,1,text/html,http://www.copperascovetx.gov/event/molnes-golf-tournament/,https://web.archive.org/web/20170311064131/http://www.copperascovetx.gov/event/molnes-golf-tournament/,https://web.archive.org/web/*/http://www.copperascovetx.gov/event/molnes-golf-tournament/
HIGH,7,Golf,2023,golf course,priority category; infrastructure/money keyword,1,1,text/html,https://www.copperascovetx.gov/golf_course/?ref=travellens.co,https://web.archive.org/web/20231210105304/https://www.copperascovetx.gov/golf_course/?ref=travellens.co,https://web.archive.org/web/*/https://www.copperascovetx.gov/golf_course/?ref=travellens.co
HIGH,7,Golf,2025,Golf Course,priority category; infrastructure/money keyword,1,1,text/html,https://www.copperascovetx.gov/206/Golf-Course,https://web.archive.org/web/20250925224245/https://www.copperascovetx.gov/206/Golf-Course,https://web.archive.org/web/*/https://www.copperascovetx.gov/206/Golf-Course
HIGH,7,Golf,2025,jr golf reg.doc,priority category; infrastructure/money keyword,2,1,application/msword,https://www.copperascovetx.gov/files/forms/golf/jr_golf_reg.doc,https://web.archive.org/web/20250203010142/https://www.copperascovetx.gov/files/forms/golf/jr_golf_reg.doc,https://web.archive.org/web/*/https://www.copperascovetx.gov/files/forms/golf/jr_golf_reg.doc
HIGH,7,Payroll / Benefits,2025,2019 31 Amending Personnel Improvement Plan for Fiscal Year 19 23 PDF,review category; infrastructure/money keyword; financial/project keyword; document/PDF,1,1,application/pdf,https://www.copperascovetx.gov/DocumentCenter/View/477/2019-31-Amending-Personnel-Improvement-Plan-for-Fiscal-Year-19-23-PDF?bidId=,https://web.archive.org/web/20250928190513/https://www.copperascovetx.gov/DocumentCenter/View/477/2019-31-Amending-Personnel-Improvement-Plan-for-Fiscal-Year-19-23-PDF?bidId=,https://web.archive.org/web/*/https://www.copperascovetx.gov/DocumentCenter/View/477/2019-31-Amending-Personnel-Improvement-Plan-for-Fiscal-Year-19-23-PDF?bidId=
HIGH,7,Wastewater,2025,Wastewater Capacity Reservation,priority category; infrastructure/money keyword,1,1,text/html,https://www.copperascovetx.gov/265/Wastewater-Capacity-Reservation,https://web.archive.org/web/20250925213352/https://www.copperascovetx.gov/265/Wastewater-Capacity-Reservation,https://web.archive.org/web/*/https://www.copperascovetx.gov/265/Wastewater-Capacity-Reservation
HIGH,7,Wastewater,2025,Wastewater Collection,priority category; infrastructure/money keyword,1,1,text/html,https://www.copperascovetx.gov/247/Wastewater-Collection,https://web.archive.org/web/20250925212901/https://www.copperascovetx.gov/247/Wastewater-Collection,https://web.archive.org/web/*/https://www.copperascovetx.gov/247/Wastewater-Collection
HIGH,7,Water,2015,public works.htm,priority category; infrastructure/money keyword,1,1,text/html,http://www.copperascovetx.gov:80/pages/water_administration/public_works.htm,https://web.archive.org/web/20150228213402/http://www.copperascovetx.gov:80/pages/water_administration/public_works.htm,https://web.archive.org/web/*/http://www.copperascovetx.gov:80/pages/water_administration/public_works.htm
HIGH,7,Water,2015,water distribution.htm,priority category; infrastructure/money keyword,1,1,text/html,http://www.copperascovetx.gov:80/pages/water/water_distribution.htm,https://web.archive.org/web/20150228213343/http://www.copperascovetx.gov:80/pages/water/water_distribution.htm,https://web.archive.org/web/*/http://www.copperascovetx.gov:80/pages/water/water_distribution.htm
HIGH,7,Water,2016,BackflowMaintRptForm.doc,priority category; infrastructure/money keyword,1,1,application/msword,http://www.copperascovetx.gov/files/forms/water/BackflowMaintRptForm.doc,https://web.archive.org/web/20161227192407/http://www.copperascovetx.gov/files/forms/water/BackflowMaintRptForm.doc,https://web.archive.org/web/*/http://www.copperascovetx.gov/files/forms/water/BackflowMaintRptForm.doc
HIGH,7,Water,2017,stormwater,priority category; infrastructure/money keyword,1,1,text/html,http://www.copperascovetx.gov/city_engineer/stormwater/,https://web.archive.org/web/20170227130348/http://www.copperascovetx.gov/city_engineer/stormwater/,https://web.archive.org/web/*/http://www.copperascovetx.gov/city_engineer/stormwater/
HIGH,7,Water,2025,AlertCenter.aspx,priority category; infrastructure/money keyword,1,1,text/html,https://www.copperascovetx.gov/AlertCenter.aspx?AID=Boil-Water-Notice-Rescinded-12,https://web.archive.org/web/20251004001952/https://www.copperascovetx.gov/AlertCenter.aspx?AID=Boil-Water-Notice-Rescinded-12,https://web.archive.org/web/*/https://www.copperascovetx.gov/AlertCenter.aspx?AID=Boil-Water-Notice-Rescinded-12
HIGH,7,Water,2025,AlertCenter.aspx,priority category; infrastructure/money keyword,1,1,text/html,https://www.copperascovetx.gov/AlertCenter.aspx?CID=Water-Alerts-6,https://web.archive.org/web/20250929115654/https://www.copperascovetx.gov/AlertCenter.aspx?CID=Water-Alerts-6,https://web.archive.org/web/*/https://www.copperascovetx.gov/AlertCenter.aspx?CID=Water-Alerts-6
HIGH,7,Water,2025,Storm Water Education,priority category; infrastructure/money keyword,1,1,text/html,https://www.copperascovetx.gov/263/Storm-Water-Education,https://web.archive.org/web/20250926002126/https://www.copperascovetx.gov/263/Storm-Water-Education,https://web.archive.org/web/*/https://www.copperascovetx.gov/263/Storm-Water-Education
HIGH,7,Water,2025,Storm Water Information,priority category; infrastructure/money keyword,1,1,text/html,https://www.copperascovetx.gov/262/Storm-Water-Information,https://web.archive.org/web/20250928094110/https://www.copperascovetx.gov/262/Storm-Water-Information,https://web.archive.org/web/*/https://www.copperascovetx.gov/262/Storm-Water-Information
HIGH,7,Water,2025,Stormwater Complaint Form 54,priority category; infrastructure/money keyword,1,1,text/html,https://www.copperascovetx.gov/FormCenter/Solid-Waste-10/Stormwater-Complaint-Form-54,https://web.archive.org/web/20250925205935/https://www.copperascovetx.gov/FormCenter/Solid-Waste-10/Stormwater-Complaint-Form-54,https://web.archive.org/web/*/https://www.copperascovetx.gov/FormCenter/Solid-Waste-10/Stormwater-Complaint-Form-54
HIGH,7,Water,2026,AlertCenter.aspx,priority category; infrastructure/money keyword,1,1,text/html,https://www.copperascovetx.gov/AlertCenter.aspx?AID=Boil-Water-Notice-Issued-13,https://web.archive.org/web/20260102154236/https://www.copperascovetx.gov/AlertCenter.aspx?AID=Boil-Water-Notice-Issued-13,https://web.archive.org/web/*/https://www.copperascovetx.gov/AlertCenter.aspx?AID=Boil-Water-Notice-Issued-13
HIGH,7,Water,2026,AlertCenter.aspx,priority category; infrastructure/money keyword,1,1,text/html,https://www.copperascovetx.gov/AlertCenter.aspx?AID=Boil-Water-Notice-Rescinded-5,https://web.archive.org/web/20260106020438/https://www.copperascovetx.gov/AlertCenter.aspx?AID=Boil-Water-Notice-Rescinded-5,https://web.archive.org/web/*/https://www.copperascovetx.gov/AlertCenter.aspx?AID=Boil-Water-Notice-Rescinded-5
